date	name	author	distribution	x_static_install	id	first
2019-06-30T23:56:43Z	CBOR-Free-0.12	FELIPE	CBOR-Free	NA	a5a2ipoF79x7qymxcwp079SzYGU	false
2019-06-30T23:00:55Z	DBIx-Class-InflateColumn-Authen-Passphrase-0.03	ETHER	DBIx-Class-InflateColumn-Authen-Passphrase	NA	LeWjIN7BPfZ3abXF_SBg9doVeVM	false
2019-06-30T21:00:03Z	Quiq-1.148	FSEITZ	Quiq	NA	CtVXCNalB3n52LPWdg90Z3Dzclo	false
2019-06-30T20:45:41Z	PDF-Cairo-1.05	JGREELY	PDF-Cairo	NA	Myoeuoai3lpA070dXp0_qioI0vY	false
2019-06-30T20:02:32Z	Pherkin-Extension-Weasel-0.09	EHUELS	Pherkin-Extension-Weasel	NA	2TyJ2iZ2yIWW1N6x2sGmb7iNGro	false
2019-06-30T19:19:40Z	Pcore-v0.95.0	ZDM	Pcore	NA	5xjCZf05ysHBWo5UkfEKyMMKcRw	false
2019-06-30T19:06:49Z	Pcore-Ext-v0.34.0	ZDM	Pcore-Ext	NA	FpkIK_IpADeQp6Nai0jwngDQURU	false
2019-06-30T17:21:57Z	Test-Pod-LinkCheck-Lite-0.000_909	WYANT	Test-Pod-LinkCheck-Lite	NA	3Y_a0KjL0t828pN5JMA_ORe0pIQ	false
2019-06-30T15:38:21Z	Term-TablePrint-0.112	KUERBIS	Term-TablePrint	NA	tdl1sT0FFx_o_0Cy6BzO3Qyd6HI	false
2019-06-30T15:38:09Z	Term-Form-0.514	KUERBIS	Term-Form	NA	fTIX7nMuD3HdMD7FFHkKpVOff9g	false
2019-06-30T15:37:58Z	Term-Choose-Util-0.074	KUERBIS	Term-Choose-Util	NA	50QQheze_QmK_YPrnfQDKmumYmk	false
2019-06-30T15:37:47Z	App-YTDL-0.305	KUERBIS	App-YTDL	NA	f732QFNS8p3KtY7z0UajJGKcRd8	false
2019-06-30T15:37:36Z	App-DBBrowser-2.203	KUERBIS	App-DBBrowser	NA	087Y6IjcKSD37eLB56ELapKpEe8	false
2019-06-30T15:36:09Z	Term-Choose-1.649	KUERBIS	Term-Choose	NA	1dYOvplBRmePV0wv72rkjQdR68M	false
2019-06-30T15:32:31Z	Pod-Simple-3.39	KHW	Pod-Simple	NA	HIU0lX5sBsE_gCddBqT2ryzDRhI	false
2019-06-30T15:26:01Z	PDF-Table-0.11.0	OMEGA	PDF-Table	NA	Rb2QBsBY7Ifd8QGJF0GcZ0YCjRY	false
2019-06-30T15:23:18Z	MsgPack-RPC-2.0.3	YANICK	MsgPack-RPC	NA	lkbq53ok__OOmCTWklszpu5Zygw	false
2019-06-30T13:41:51Z	App-termpub-1.05	MDOM	App-termpub	1	nHsQNd7mDXKdWMyVLbyUskh560s	false
2019-06-30T12:59:30Z	Telegram-Bot-0.020	JUSTIN	Telegram-Bot	NA	eOLkAuRTRNjq0yWN7TnfUjSG0dw	false
2019-06-30T12:58:04Z	Acme-CPANModules-DataStructureWalker-0.001	PERLANCAR	Acme-CPANModules-DataStructureWalker	1	mv6yrCHuryo8KmDJ0_JesXN6kU0	true
2019-06-30T10:21:34Z	Finance-Quote-1.49	ECOCODE	Finance-Quote	NA	2PIDJ2Bwd91zp6H1Q9wlcUM_L5E	false
2019-06-30T09:11:35Z	Map-Tube-Delhi-0.90	MANWAR	Map-Tube-Delhi	NA	t3H26aa4iZEGKpEf0wlq10wo3rA	false
2019-06-30T08:19:09Z	IO-Lambda-1.30	KARASIK	IO-Lambda	NA	gm2v_4WlgN4bJ76sC66fHqyDG5Q	false
2019-06-30T05:32:14Z	App-DocKnot-3.00	RRA	App-DocKnot	NA	AF3_Bj8l6t_rg6B_uB70EuCFTYo	false
2019-06-30T01:51:17Z	App-DateUtils-0.121	PERLANCAR	App-DateUtils	1	W5S46hp_pQstRrcvzFLTPnlCpRw	false
2019-06-29T23:45:53Z	PDF-API2-2.034	SSIMMS	PDF-API2	NA	YCotBWnpaezfVoCXYt_c7YowasM	false
2019-06-29T23:20:12Z	Finance-Quote-1.48	ECOCODE	Finance-Quote	NA	zTDhYHwtipwSrpwQK1QyiveyrEA	false
2019-06-29T21:41:40Z	PagerDuty-Agent-0.02	QRRY	PagerDuty-Agent	NA	n_KTA7n4zRyJciExJjeGNXxqWxY	false
2019-06-29T21:31:33Z	Lemonldap-NG-Portal-2.0.5	COUDOT	Lemonldap-NG-Portal	NA	andWvLfpJ__ugclOrW2lDvKr9Ls	false
2019-06-29T21:31:21Z	Lemonldap-NG-Manager-2.0.5	COUDOT	Lemonldap-NG-Manager	NA	7yIHEcza1i1VB0DgmWlVixE7hi8	false
2019-06-29T21:29:54Z	Lemonldap-NG-Handler-2.0.5	COUDOT	Lemonldap-NG-Handler	NA	_yaYL16A1KYW4bex0m13ANeED1E	false
2019-06-29T21:29:43Z	Lemonldap-NG-Common-2.0.5	COUDOT	Lemonldap-NG-Common	NA	lFvJGJBaPDfAFVcD_jZaVEJTj4U	false
2019-06-29T21:25:39Z	Pherkin-Extension-Weasel-0.08	EHUELS	Pherkin-Extension-Weasel	NA	lrz0WWjswKUoQY5TUuhlHIQvnUQ	false
2019-06-29T20:55:02Z	Sentry-Raven-1.11	QRRY	Sentry-Raven	NA	DQfSuIdeBQ_S00FVYHrnVzGh5os	false
2019-06-29T19:59:21Z	Test-Pod-LinkCheck-Lite-0.000_908	WYANT	Test-Pod-LinkCheck-Lite	NA	NgMjZlmrqQ1ltPNhu3lUPmnHnMg	false
2019-06-29T18:00:53Z	Weasel-0.24	EHUELS	Weasel	NA	mh9cIjTZuOBwAJvRNnxAx4xYUJg	false
2019-06-29T17:55:29Z	Tcl-pTk-1.02	CAC	Tcl-pTk	NA	XSiIRAZ_pKKJxr5zvTXS3gJ93yk	false
2019-06-29T17:54:02Z	Database-Async-Engine-PostgreSQL-0.007	TEAM	Database-Async-Engine-PostgreSQL	NA	my4FABy1GllNUHcdMsxeMWab__g	false
2019-06-29T17:48:55Z	Database-Async-0.009	TEAM	Database-Async	NA	pdUSALl6cr5KRoB_DvMRWGdnmUY	false
2019-06-29T17:47:28Z	Protocol-Database-PostgreSQL-1.005	TEAM	Protocol-Database-PostgreSQL	NA	7xupGwVnHf8aKeIHx_RhLhAEDro	false
2019-06-29T16:27:36Z	WWW-MLite-2.01	ABALAMA	WWW-MLite	NA	dJ9hFiOUYkaXnRs_MqFiETloE2U	false
2019-06-29T13:39:30Z	Bio-Palantir-0.191800	LMEUNIER	Bio-Palantir	NA	MzPoBteV5AzYVfL7jrSg0Vf_43E	false
2019-06-29T12:37:26Z	YAML-PP-0.017	TINITA	YAML-PP	NA	f5xEQOoM_txmxeoPlTv1HshxgIw	false
2019-06-29T12:21:50Z	FB3-Convert-0.34	GRIBUSER	FB3-Convert	NA	D22NW8QDbmlt4EeYcHfTO3Ng7Qg	false
2019-06-29T09:52:40Z	JSON-PP-4.04	ISHIGAKI	JSON-PP	NA	ujMXCs6H48FzortCLFRpGAqvRsI	false
2019-06-29T09:34:02Z	Firefox-Marionette-0.76	DDICK	Firefox-Marionette	NA	pnO4fE9Ou24ws70kPMy92SXYhkg	false
2019-06-29T08:14:14Z	Dist-Zilla-Plugin-Test-Map-Tube-0.41	MANWAR	Dist-Zilla-Plugin-Test-Map-Tube	NA	JdaJTnbBqvGAzXKEkUTIaBdHiHQ	false
2019-06-29T05:52:50Z	CBOR-Free-0.12_02	FELIPE	CBOR-Free	NA	Ec3LDtX1_psdFRTjZXPCykPsIUY	false
2019-06-29T05:46:17Z	CBOR-Free-0.12_01	FELIPE	CBOR-Free	NA	L4qY0lBB5iJ6IGC2PBRgkAQNqVI	false
2019-06-29T05:40:50Z	Calendar-DatesRoles-DataUser-CalendarVar-0.004	PERLANCAR	Calendar-DatesRoles-DataUser-CalendarVar	1	wKipHv_pC0WqptYQIZJTx3E4wZE	false
2019-06-29T05:40:39Z	Calendar-Dates-0.2.2	PERLANCAR	Calendar-Dates	1	zHuZOcbb7oNuAoqHPrWLo8SQ_lA	false
2019-06-29T02:22:23Z	DBIx-Class-InflateColumn-Authen-Passphrase-0.02	ETHER	DBIx-Class-InflateColumn-Authen-Passphrase	NA	a6kwZPq1qC7kFe3HOnlEhSDAHlg	false
2019-06-29T01:40:58Z	Firefox-Marionette-0.75	DDICK	Firefox-Marionette	NA	KuhNk7C4nPM9ozsASKFEaNwwrpM	false
2019-06-29T00:43:47Z	Date-Easy-0.08	BAREFOOT	Date-Easy	NA	811UJjKbksqiwNxd4mLW8ZeLRCw	false
2019-06-28T23:26:34Z	List-Lazy-0.3.2	YANICK	List-Lazy	NA	4LSFhaw3jxwKrMCzaK_IKamE_so	false
2019-06-28T23:26:23Z	Stow-v2.3.0	ASPIERS	Stow	NA	g1bEX59VrKxKQEDn_cY7Ql4g5a4	false
2019-06-28T23:22:07Z	Bread-Board-0.37	YANICK	Bread-Board	NA	laT2XZaQ_3d8Es8kQCoPrWMdf8c	false
2019-06-28T23:16:43Z	Dist-Zilla-Stash-Contributors-0.1.1	YANICK	Dist-Zilla-Stash-Contributors	NA	luHuMxb5qsJgf3OY7Lct_Wb3k2M	false
2019-06-28T23:10:42Z	Firefox-Marionette-0.74	DDICK	Firefox-Marionette	NA	fcv_ga8WufFc1dFhDsR4gHTWwAY	false
2019-06-28T21:29:47Z	Mojolicious-8.18	SRI	Mojolicious	NA	w1u4wHqwEv08nk0WqA1S601iM1E	false
2019-06-28T21:02:55Z	XS-Install-1.2.1	SYBER	XS-Install	NA	bNpqvgp51wdBf_ychQISBkANhws	false
2019-06-28T20:09:36Z	Net-TinyERP-0.07	GARU	Net-TinyERP	NA	DYAZEgvl3SeQMu5ThcQNfDgF_oE	false
2019-06-28T19:32:43Z	Net-TinyERP-0.06	GARU	Net-TinyERP	NA	SXPiOOcXH3KaWgPbBDtsolO77YI	false
2019-06-28T19:19:19Z	Template-Flute-0.026	HORNBURG	Template-Flute	NA	GL2uvLukyoqg6e1A6hBVUQqHJd8	false
2019-06-28T17:55:50Z	Lingua-IN-TGC-2.04	RAJ	Lingua-IN-TGC	NA	P1AG_DOPv6Hxw252WXqwfVXMLWQ	false
2019-06-28T17:53:03Z	Lingua-IN-TGC-2.03	RAJ	Lingua-IN-TGC	NA	47GpD1FPYxAXeK9LcX2lV1dCNks	false
2019-06-28T17:42:40Z	Telugu-TGC-0.08	RAJ	Telugu-TGC	NA	hGx_JDAINkBgsPIMiBjiRP0L__U	false
2019-06-28T17:29:44Z	RPi-EEPROM-AT24C32-0.01	STEVEB	RPi-EEPROM-AT24C32	NA	l_4OKu1xRBlQgnSEwLYV25OI3RE	true
2019-06-28T16:28:47Z	Linux-Systemd-1.191790	IOANR	Linux-Systemd	NA	6eol2vT43gTu7CsX1QHAhct4v84	false
2019-06-28T16:09:38Z	Alien-Build-1.77_01	PLICEASE	Alien-Build	NA	5FTPBpb0JrD0t2uh3Iie8fxZXqU	false
2019-06-28T15:47:54Z	Text-Util-Chinese-0.06	GUGOD	Text-Util-Chinese	1	O8m3FwBPFPKPem1Bk5N6g1peYaw	false
2019-06-28T14:48:25Z	Astro-Coord-ECI-TLE-Iridium-0.122_01	WYANT	Astro-Coord-ECI-TLE-Iridium	NA	aqcQ_9rUr9qoe_rmC87X84LmaXo	false
2019-06-28T13:45:01Z	Dir-Manifest-0.2.0	SHLOMIF	Dir-Manifest	NA	Beh7Fqi2f5LrJo5H_tazzqUK2KQ	false
2019-06-28T13:18:14Z	XML-Grammar-Vered-0.0.10	SHLOMIF	XML-Grammar-Vered	NA	8JU_kaMGMZTYQYqgSNO7HLEzObw	false
2019-06-28T12:46:23Z	Perinci-Sub-Complete-0.936	PERLANCAR	Perinci-Sub-Complete	1	cM5xFbPYA7Lv6fMlNBk1qm2v2BA	false
2019-06-28T11:50:23Z	WWW-AzimuthAero-0.31	PAVELSR	WWW-AzimuthAero	NA	E6QAjm_aZQ_e7dkhxldmuKAdBKM	false
2019-06-28T08:34:30Z	Number-ZipCode-JP-0.20190628	TANIGUCHI	Number-ZipCode-JP	NA	XrzT6lSo0YJQwnRsC7zWTtwVnKI	false
2019-06-28T07:24:08Z	Telegram-Bot-0.012	JUSTIN	Telegram-Bot	NA	XrL2k9dZarraTAiNag7C0ES3opw	false
2019-06-28T07:07:27Z	JavaScript-V8-XS-0.000013	GONZUS	JavaScript-V8-XS	NA	zG6KvmJPpjknyOvsIbGboPVCZDo	false
2019-06-28T06:54:32Z	JavaScript-Duktape-XS-0.000077	GONZUS	JavaScript-Duktape-XS	NA	n1JZNsFooZVHrRX_MnUviXXN13g	false
2019-06-28T06:02:15Z	Devel-KYTProf-0.9993	SONGMU	Devel-KYTProf	1	rpAXxi29_kjSvCU8qJDj1EZvD8I	false
2019-06-28T05:12:45Z	App-CalendarDatesUtils-0.009	PERLANCAR	App-CalendarDatesUtils	1	TObLKum0UR1JstH1wtkRN6GCUXM	false
2019-06-28T05:06:46Z	App-TeleGramma-0.14	JUSTIN	App-TeleGramma	NA	zZuOIb46rMQEl8cR5Sgw70y_pRU	false
2019-06-28T04:54:27Z	Telegram-Bot-0.011	JUSTIN	Telegram-Bot	NA	63wTDjn5Y9gBYeO8jatAfgnKZOo	false
2019-06-28T03:30:35Z	LaTeXML-0.8.4	BRMILLER	LaTeXML	NA	AFkpDKxd85nTO6MKZsPElFN84y8	false
2019-06-28T03:30:24Z	String-Validator-2.02	BRAINBUZ	String-Validator	NA	Hdyd2aTvwoGMZ7f2EX_8b9D9JIE	false
2019-06-28T03:25:01Z	Complete-Bash-0.324	PERLANCAR	Complete-Bash	1	8_gshYsOEj_QYa6VGkIfX0daJMk	false
2019-06-28T03:17:09Z	String-Validator-Password-2.01	BRAINBUZ	String-Validator-Password	NA	piGrpZRUz47E_I6IZnAaYBERxr8	false
2019-06-28T02:48:49Z	Calendar-Dates-FRM-0.007	PERLANCAR	Calendar-Dates-FRM	1	TKISz8MR_h_Rkbi2RHpMIBrankg	false
2019-06-28T02:48:38Z	Calendar-Dates-Academic-ID-UT-PPs-0.003	PERLANCAR	Calendar-Dates-Academic-ID-UT-PPs	1	eB1_7HiamhYDLgNpDxN61lyQjGI	false
2019-06-28T02:48:27Z	App-CalendarDatesUtils-0.008	PERLANCAR	App-CalendarDatesUtils	1	Cq9ciYr6Z_WdzuxJ7bipTnHKt5k	false
2019-06-28T02:48:16Z	App-CalendarDatesUtils-0.007	PERLANCAR	App-CalendarDatesUtils	1	M10D2oCfJ8pefTLQLh6kZkX0COM	false
2019-06-28T02:48:05Z	Test-Map-Tube-0.55	MANWAR	Test-Map-Tube	NA	LmmosGJX6562Axa_nb5vjPe1v_o	false
2019-06-28T02:46:38Z	Calendar-Dates-CFA-0.008	PERLANCAR	Calendar-Dates-CFA	1	VjaqW1eGM93V7NK6Bt9L8nc_XAQ	false
2019-06-27T22:06:34Z	String-Validator-Password-2.01-TRIAL	BRAINBUZ	String-Validator-Password	NA	Ryh7vSPPju9haI5bsmcsGRcXWh8	false
2019-06-27T21:38:28Z	Net-Eboks-0.07	KARASIK	Net-Eboks	NA	G0Q5P1IlYI5xhzk9T1djfqZ3WFA	false
2019-06-27T21:37:01Z	Text-MicroMason-2.23	FERRENCY	Text-MicroMason	NA	VSCXgP1eTufgzI6GFzEbCAiY_tg	false
2019-06-27T21:23:55Z	IO-Lambda-1.29	KARASIK	IO-Lambda	NA	vlSAfWa7SON3M_mMkkNtYaq_3M8	false
2019-06-27T19:43:31Z	Data-TableReader-0.011	NERDVANA	Data-TableReader	NA	4j2dHfWWp8NGP9T04PkX1FD1bgQ	false
2019-06-27T19:15:27Z	RPi-I2C-2.3608	STEVEB	RPi-I2C	NA	FP30jem0XXPo69c0g73Z89jwe_s	false
2019-06-27T17:56:38Z	IO-Async-0.74	PEVANS	IO-Async	NA	K5_yHThWQAWFMQaiOYUYRLMdMxg	false
2019-06-27T17:36:51Z	Term-Caca-3.1.0	YANICK	Term-Caca	NA	TCoPSanjhk3OPKRT2BjjzgsBo6c	false
2019-06-27T17:22:45Z	YAML-PP-0.016_003	TINITA	YAML-PP	NA	gqMfBwJgTlFy_wBZXtv6ttCO6zs	false
2019-06-27T17:11:09Z	Try-Harder-0.005	SSCAFFIDI	Try-Harder	NA	PMtODtr_vzyBZPNVDpb4Yd6f27s	false
2019-06-27T17:03:10Z	XS-Install-1.2.0	SYBER	XS-Install	NA	xDL5Zdyjjyij_oONSyIRvslcA7I	false
2019-06-27T16:07:24Z	LaTeXML-0.8.4_2	BRMILLER	LaTeXML	NA	VuXkoS8RE7JcdOTfy2ClJrXJIwA	false
2019-06-27T15:44:27Z	Sport-Analytics-NHL-1.51	ROMM	Sport-Analytics-NHL	NA	eDZIP_qzyEg_q8vVmMUtIF__5XU	false
2019-06-27T14:24:07Z	Map-Tube-CLI-0.64	MANWAR	Map-Tube-CLI	NA	v2NBTP7c1YdnBRTK93_mjM8Ag9U	false
2019-06-27T13:13:08Z	Tie-Handle-FileWriteRotate-0.040	PERLANCAR	Tie-Handle-FileWriteRotate	1	yccasbK8DM1WHL3TcQJdmq_Mav8	false
2019-06-27T13:12:57Z	Proc-Daemon-Prefork-0.710	PERLANCAR	Proc-Daemon-Prefork	1	K_BLOxxt5Q6_q3wtprlqAmDMfgw	false
2019-06-27T13:12:46Z	File-Write-Rotate-0.321	PERLANCAR	File-Write-Rotate	1	xoGQCXMq9gbEXCzGuZR5fSzSVR8	false
2019-06-27T13:12:35Z	File-Write-Rotate-0.320	PERLANCAR	File-Write-Rotate	1	qh4NAOciS52_OntuamlN08refwU	false
2019-06-27T11:43:54Z	PMLTQ-Suggest-1.0.4	MATY	PMLTQ-Suggest	NA	8rYVO1i9lKPMM_etEn6HpunHJQw	false
2019-06-27T11:11:58Z	PMLTQ-Suggest-1.0.3	MATY	PMLTQ-Suggest	NA	RU_qBjJdN6nda_1csRbvl20dmfk	false
2019-06-27T11:00:13Z	Sub-Meta-0.01	KFLY	Sub-Meta	1	cVA8nNUrkSmzmYVRf7Ws23kvSDE	true
2019-06-27T10:35:57Z	ExtUtils-MakeMaker-7.37_02	BINGOS	ExtUtils-MakeMaker	NA	Hw1aJjcfSris5geI6yIwN74wXKQ	false
2019-06-27T10:29:17Z	Test-Compile-v2.1.0	EGILES	Test-Compile	NA	62_Xk_j4IBOLdukPt8xwH3VMf4Y	false
2019-06-27T09:15:47Z	PMLTQ-Suggest-1.0.2	MATY	PMLTQ-Suggest	NA	QT1fQ18LkexdSBeke0Nqr9_x8xk	false
2019-06-27T07:40:53Z	EV-4.27	MLEHMANN	EV	NA	7dYAlXk9mrKNBiaD_wHvFfQOn84	false
2019-06-27T05:23:14Z	Dancer-Plugin-RPC-RESTISH-0.99_02	ABELTJE	Dancer-Plugin-RPC-RESTISH	NA	LEwVKhogrRYwj7O1hdjrCropRwk	false
2019-06-27T04:17:12Z	Test-Mock-Redis-0.22	JLAVALLEE	Test-Mock-Redis	NA	9fW7Ye5gMWGjeE4_pwzqjBFnpRY	false
2019-06-27T03:44:36Z	App-ElasticSearch-Utilities-7.0	BLHOTSKY	App-ElasticSearch-Utilities	NA	VJVZRQ0UNSfYZ4nI15DA68xywGg	false
2019-06-27T03:43:10Z	Retry-Backoff-0.002	PERLANCAR	Retry-Backoff	1	_xGQ53pEWsBZTLJbN_apIwpxZxQ	false
2019-06-27T03:42:59Z	Complete-Bash-0.323	PERLANCAR	Complete-Bash	1	QJ8_fhQehdg__hw2Nm37HnifN8o	false
2019-06-27T03:37:46Z	Sport-Analytics-NHL-1.50	ROMM	Sport-Analytics-NHL	NA	yuiBeikrhS2VE7beGAucxUPJfLc	false
2019-06-26T23:57:11Z	HiPi-0.78	MDOOTSON	HiPi	NA	2YLJHPYe2bLXfRd77Q0WWEDiWEY	false
2019-06-26T21:34:57Z	Template-Mustache-1.3.2	YANICK	Template-Mustache	NA	APCgHwycw1SQ19TFVzWh41iXpcI	false
2019-06-26T21:26:20Z	Firefox-Marionette-0.73	DDICK	Firefox-Marionette	NA	27fSKICfBUnY5b8NN2i_I1SIB_0	false
2019-06-26T19:47:42Z	Future-AsyncAwait-0.29	PEVANS	Future-AsyncAwait	NA	4cgncn_pKTvey8vb1UtP6yEWwfU	false
2019-06-26T19:22:08Z	Audio-Chromaprint-0.002	XSAWYERX	Audio-Chromaprint	NA	NmbSYs7tg9F8e_1xxAux0yhMOTE	false
2019-06-26T18:21:11Z	PMLTQ-Suggest-1.0.1	MATY	PMLTQ-Suggest	NA	32XoIzsbuXSmlSO1_iEm93FXEeY	false
2019-06-26T18:09:32Z	Try-Harder-0.004	SSCAFFIDI	Try-Harder	NA	nLFtg_46o_VusTfov6t_JeaNLBQ	false
2019-06-26T17:22:18Z	POE-Future-0.04	PEVANS	POE-Future	NA	7ZzLDet111r2bAQ70fLw190B_Ss	false
2019-06-26T17:14:24Z	Future-IO-0.06	PEVANS	Future-IO	NA	copk99u7lHEj2E9N46LP_E98DMU	false
2019-06-26T17:04:04Z	YAML-PP-0.016_002	TINITA	YAML-PP	NA	D8mGYdua5e_w1_ufSlVj_kipI54	false
2019-06-26T16:53:31Z	Map-Tube-Tokyo-0.57	MANWAR	Map-Tube-Tokyo	NA	bixHpNnR6SbgFfJJ6NS7wSpGO4w	false
2019-06-26T14:58:33Z	Test-Pod-LinkCheck-Lite-0.000_907	WYANT	Test-Pod-LinkCheck-Lite	NA	H0TyW42qK_PWhw02kjZU3dNJgqk	false
2019-06-26T14:48:09Z	LaTeXML-0.8.4_1	BRMILLER	LaTeXML	NA	Lzxm4DsgWI2t0v72gFG97_xfxWo	false
2019-06-26T13:59:57Z	Game-LevelMap-0.02	JMATES	Game-LevelMap	NA	YY4bVjSRCtZdvy6m7HISra1gw2Y	false
2019-06-26T11:21:22Z	Firefox-Marionette-0.72	DDICK	Firefox-Marionette	NA	J0EriA5CCScuGFpNJ24NAkraD5U	false
2019-06-26T11:08:33Z	Perinci-Sub-GetArgs-Argv-0.843	PERLANCAR	Perinci-Sub-GetArgs-Argv	1	Ge0bvrtY6tsl_WDto1dqAyyi_a0	false
2019-06-26T11:08:22Z	Perinci-Sub-Complete-0.935	PERLANCAR	Perinci-Sub-Complete	1	OFO3r13UexBFyBGIpMhTYe3nH9I	false
2019-06-26T11:08:11Z	Perinci-CmdLine-Lite-1.822	PERLANCAR	Perinci-CmdLine-Lite	1	DSkqZvJNpH58dOJ3uMmG_E_fRI4	false
2019-06-26T11:08:00Z	Complete-Getopt-Long-0.471	PERLANCAR	Complete-Getopt-Long	1	OfBjDE8VXKu_KZGXXlSP0bQZsV0	false
2019-06-26T11:07:49Z	Complete-Bash-0.322	PERLANCAR	Complete-Bash	1	hQAMuOwH99QqgVlUiO_Cf8Ck69M	false
2019-06-26T11:07:38Z	Complete-0.201	PERLANCAR	Complete	1	fxnPOtxy5Jk2paK4IFdPk5Z6vyA	false
2019-06-26T11:07:27Z	App-lcpan-1.035	PERLANCAR	App-lcpan	1	EYoVoC5WoHWUYhjtO_baH3fHfwI	false
2019-06-26T11:07:15Z	App-CalendarDatesUtils-0.006	PERLANCAR	App-CalendarDatesUtils	1	WlXsi2l5JJMHa0WLLoKYd9gSjuk	false
2019-06-26T10:31:40Z	Test-Refcount-0.10	PEVANS	Test-Refcount	NA	x5ESSXwUsQ76o01VRgpDpXNqYL8	false
2019-06-26T10:11:13Z	mojo-console-0.0.3	CRLCU	mojo-console	NA	N7uyoajms1priSQZUQZ46gpB7Uw	false
2019-06-26T10:09:46Z	mojo-calendar-0.0.5	CRLCU	mojo-calendar	NA	RGe_PuZa4mwTIoLtzRbdxoeCBPg	false
2019-06-26T10:06:49Z	Mojolicious-Plugin-GetSentry-1.1.8	CRLCU	Mojolicious-Plugin-GetSentry	NA	Wnguf0naMdfMemiB_MGmXHGBakI	false
2019-06-26T10:05:22Z	Mojolicious-Plugin-Events-0.3.1	CRLCU	Mojolicious-Plugin-Events	NA	VSudCEEVqbza8CZvUL73E7KGZy0	true
2019-06-26T10:02:34Z	Mojolicious-Plugin-Validate-Tiny-0.18	CRLCU	Mojolicious-Plugin-Validate-Tiny	NA	L0f2nQ0jOSd5_qtEFnNBX3NHsEo	false
2019-06-26T08:54:03Z	PMLTQ-Suggest-1.0.0	MATY	PMLTQ-Suggest	NA	alGeqvZM1ELAk4M2Sb8FDLPBQi4	false
2019-06-26T07:53:16Z	VSGDR-StaticData-0.48	DEDMEDVED	VSGDR-StaticData	NA	8r2hRoeg4Qwy_WA2u0vNRBvqOHU	false
2019-06-26T07:37:43Z	mojo-console-0.0.2	CRLCU	mojo-console	NA	LxtM3MoxthYpVLckwLjs7_wfngY	false
2019-06-26T06:07:54Z	Geo-IP2Location-8.10	LOCATION	Geo-IP2Location	NA	Th2p3SCuAl7McKQ7weVD65VSPSk	false
2019-06-26T03:36:20Z	JIRA-REST-OAuth-1.03	SCHOBES	JIRA-REST-OAuth	NA	YStVw7o_VQb__u07w_AnNN8j_4g	false
2019-06-26T01:50:34Z	ack-v3.0.1	PETDANCE	ack	NA	pjiiAuJChwpW9BxXT0ExlqDt1D0	false
2019-06-26T00:37:47Z	Algorithm-Backoff-0.008	PERLANCAR	Algorithm-Backoff	1	1rY8VJbR_U0_v_TzClyYXjSsQ2M	false
2019-06-26T00:31:57Z	Word2vec-Interface-0.039	CUFFYCA	Word2vec-Interface	NA	Oys5D5FutH__ms1LquPz5eovTTk	false
2019-06-25T21:27:06Z	WWW-AzimuthAero-0.3	PAVELSR	WWW-AzimuthAero	NA	oTAgmAHrsVSY6axAj1rKe1u26fw	false
2019-06-25T20:12:25Z	Test-Refcount-0.09	PEVANS	Test-Refcount	NA	Bh4fo0Jw_as_wXdtO3OhGS24lyI	false
2019-06-25T20:04:34Z	Mojolicious-Plugin-TrustedProxy-0.04	KAGE	Mojolicious-Plugin-TrustedProxy	NA	oQjZXM_F82lVHLShIFVSGI8lxeM	false
2019-06-25T16:28:43Z	FFI-CheckLib-0.25	PLICEASE	FFI-CheckLib	NA	XZ0sq_baf1NsMrFlkHKWdi6W8SM	false
2019-06-25T16:09:31Z	Alien-chromaprint-0.02	PLICEASE	Alien-chromaprint	NA	RzQz09muStESuFMXXtt9SvEgpmk	true
2019-06-25T14:15:35Z	Catmandu-BibTeX-0.12	VPEIL	Catmandu-BibTeX	0	ne_3qW4bljXduZn4c_kyyGwkqBk	false
2019-06-25T14:02:35Z	mojo-console-0.0.1	CRLCU	mojo-console	NA	qgz3PW2RybpCKaCwA_knrd7zYBM	true
2019-06-25T13:44:19Z	Map-Tube-NYC-0.68	MANWAR	Map-Tube-NYC	NA	wLGjIgAHwqJKfehld4GZI5lW9Mk	false
2019-06-25T13:36:27Z	Teamcity-Executor-1.3.1	JASEI	Teamcity-Executor	NA	6JUMhJ_1XMBnoG6vv8VhNkaS9wo	false
2019-06-25T13:18:31Z	Devel-KYTProf-Profiler-AWS-CLIWrapper-0.01	PAPIX	Devel-KYTProf-Profiler-AWS-CLIWrapper	1	4VITCc7LQu7RCEaaKK9Vf8wAHjY	true
2019-06-25T10:33:02Z	App-Xssh-v1.1.0	EGILES	App-Xssh	NA	0ohNcRcCc8LxeXirjVd4WzQGtOM	false
2019-06-25T09:58:37Z	Archive-Tar-Stream-0.03	CDRAKE	Archive-Tar-Stream	NA	ONbLwu4W8vz0A4CrAYlBdIEQ7pc	false
2019-06-25T09:57:10Z	IO-Uncompress-Untar-1.01	CDRAKE	IO-Uncompress-Untar	NA	H_8oYXyz_Hd8QSjrRzUxl8gGy7o	false
2019-06-25T08:04:35Z	Perinci-Sub-Complete-0.934	PERLANCAR	Perinci-Sub-Complete	1	vxWSqdTqIyoiUvddgRKxrXWicAw	false
2019-06-25T08:04:23Z	Perinci-CmdLine-Lite-1.821	PERLANCAR	Perinci-CmdLine-Lite	1	x6FXfux7TmFORmsd4gHghbYTelY	false
2019-06-25T08:04:12Z	Complete-Util-0.601	PERLANCAR	Complete-Util	1	tzXd19vkmcdqOto6wFMwLVZYiz8	false
2019-06-25T08:04:01Z	Complete-Getopt-Long-0.470	PERLANCAR	Complete-Getopt-Long	1	HDgcKrIm2x1yI2_F_jfC8BZf8fc	false
2019-06-25T08:03:50Z	Complete-Bash-0.321	PERLANCAR	Complete-Bash	1	Q_pzMAbbkdz6fvrfZGGVLTpsWA8	false
2019-06-25T04:38:54Z	Mojo-mysql-1.16	TEKKI	Mojo-mysql	NA	nQrX3QtFO3hyFh_O3faCcMpGspQ	false
2019-06-25T02:27:30Z	CLI-Helpers-1.6	BLHOTSKY	CLI-Helpers	NA	N6Ea52K0zikL3wN_1GbSHxhuWUg	false
2019-06-25T02:15:30Z	HTML-Perlinfo-1.71	ACCARDO	HTML-Perlinfo	NA	mMZ17f7eb6oj0xf5usxqqCynPz8	false
2019-06-25T01:15:54Z	Calendar-DatesRoles-DataUser-CalendarVar-0.003	PERLANCAR	Calendar-DatesRoles-DataUser-CalendarVar	1	_lFb25S48qHMQ1oJq60J1vOFES4	false
2019-06-25T01:15:43Z	Calendar-DatesRoles-DataPreparer-CalendarVar-FromDATA-Simple-0.003	PERLANCAR	Calendar-DatesRoles-DataPreparer-CalendarVar-FromDATA-Simple	1	kDZOY_4UX7Ipo4VGVpZk9GEtLFA	true
2019-06-25T01:15:32Z	Calendar-Dates-Perl-0.001	PERLANCAR	Calendar-Dates-Perl	1	UyaalUECt1LLf6jNaovVhD843qY	true
2019-06-25T00:42:24Z	Dist-Zilla-PluginBundle-YANICK-0.30.0	YANICK	Dist-Zilla-PluginBundle-YANICK	NA	a_aazHGf84Z9ZpQt3J6r3iWhVIg	false
2019-06-25T00:05:32Z	Geo-IP2Proxy-2.11	LOCATION	Geo-IP2Proxy	NA	DkPz4WD67POXPOCz78PRpcqhVZQ	false
2019-06-24T22:40:46Z	Weasel-Driver-Selenium2-0.09	EHUELS	Weasel-Driver-Selenium2	NA	5KCwT5ecMFadwBGMmnx26WNwv38	false
2019-06-24T22:34:05Z	EV-4.26	MLEHMANN	EV	NA	7YqOxgjLSVXStdAnKwkEol8VrtQ	false
2019-06-24T20:16:19Z	Mojolicious-Plugin-BootstrapHelpers-0.0206	CSSON	Mojolicious-Plugin-BootstrapHelpers	NA	KCx8rd7F4lU__CBRstLWCnIGzsg	false
2019-06-24T19:26:55Z	Test-Pod-LinkCheck-Lite-0.000_906	WYANT	Test-Pod-LinkCheck-Lite	NA	AAqNIbCpkQJh1snj6vuO11e9ZYw	false
2019-06-24T19:11:15Z	Try-Harder-0.003	SSCAFFIDI	Try-Harder	NA	hYitvJsYwq_v2dM3Fga4rnaDUDM	false
2019-06-24T16:51:57Z	Map-Tube-NYC-0.67	MANWAR	Map-Tube-NYC	NA	N6e6LPri_U0FJI8QYQefJE1f57U	false
2019-06-24T16:35:16Z	CLI-Helpers-1.5	BLHOTSKY	CLI-Helpers	NA	fbaJDdAsbsYd4snEd7xV1aqwKN0	false
2019-06-24T16:12:14Z	Dist-Zilla-PluginBundle-YANICK-0.29.1	YANICK	Dist-Zilla-PluginBundle-YANICK	NA	_fS1ALp_agrptpoRrjua7kS3H60	false
2019-06-24T15:33:44Z	HTML-Perlinfo-1.70	ACCARDO	HTML-Perlinfo	NA	JEpC75dO0A_jTWxohJc10aYSKAw	false
2019-06-24T13:44:29Z	VSGDR-StaticData-0.47	DEDMEDVED	VSGDR-StaticData	NA	SmPbD1HOQ97MtSlvxNLdWj_Lrqk	false
2019-06-24T13:13:55Z	Game-LevelMap-0.01	JMATES	Game-LevelMap	NA	4HJQWkGnfrXOQzS5QKMk2OHKfuY	true
2019-06-24T12:47:12Z	Test-Pod-LinkCheck-Lite-0.000_905	WYANT	Test-Pod-LinkCheck-Lite	NA	AvklR6KZfNehI_nINt3Pxu2XT5o	false
2019-06-24T12:34:22Z	FFI-Platypus-0.89_01	PLICEASE	FFI-Platypus	NA	BDU_GMSCblODuZOT7llvqNYzf8I	false
2019-06-24T12:11:20Z	YAML-Safe-0.80	RURBAN	YAML-Safe	NA	DPPdXNYKzTl__55BHVcJypyLpQQ	true
2019-06-24T12:07:16Z	Mojolicious-Plugin-TrustedProxy-0.03	KAGE	Mojolicious-Plugin-TrustedProxy	NA	u0Bg3B_zrOoVu4xeeaS0AEMEQRQ	true
2019-06-24T09:48:20Z	School-Code-Compare-0.1-TRIAL	BORISD	School-Code-Compare	NA	TCWu_4i5k9XLCq_mJoBdXzSwB6Q	false
2019-06-24T07:53:03Z	Geo-IP2Proxy-2.10	LOCATION	Geo-IP2Proxy	NA	QULqpwCZ43ZfhC3t4_yq_zs7AAw	false
2019-06-24T03:49:30Z	Test-Pod-LinkCheck-Lite-0.000_904	WYANT	Test-Pod-LinkCheck-Lite	NA	LfkmPEyxaYqaoTQZBOg3Q0zWrDY	false
2019-06-24T02:58:46Z	Business-Tax-Withholding-JP-0.05	WORTHMINE	Business-Tax-Withholding-JP	1	BjfHBZni7t9547HJBfiCjDRN4RM	false
2019-06-24T01:19:57Z	Tcl-pTk-1.01_01	CAC	Tcl-pTk	NA	xePtTDv2l92zcz2U_kPZvd4tZFI	false
2019-06-24T00:57:16Z	Yancy-1.034	PREACTION	Yancy	NA	d2a2njqnpOtJt9d6KC6t1xqlA1I	false
2019-06-24T00:02:42Z	Perinci-CmdLineX-CommonOptions-SelfUpgrade-0.002	PERLANCAR	Perinci-CmdLineX-CommonOptions-SelfUpgrade	1	tEIRVHdx9NrbNGdlp8d26zGWvP0	false
2019-06-23T23:48:13Z	App-WRT-v6.3.1	BRENNEN	App-WRT	NA	c6YQGA8HVkOAtCDV5XMM4HKUzR0	false
2019-06-23T23:33:37Z	Giblog-0.91	KIMOTO	Giblog	NA	Cxmq_0XGLbVZuzDZeR4BmplSRdI	false
2019-06-23T22:02:28Z	Audio-Chromaprint-0.001	XSAWYERX	Audio-Chromaprint	NA	PlMEAjdlxbtq0pndKG1S_54oKoA	true
2019-06-23T21:47:01Z	Slovo-2019.06.23	BEROV	Slovo	NA	1GxpFn14fRUH0UdWUctrTJNtT0w	false
2019-06-23T21:20:11Z	Test-Compile-v2.0.1	EGILES	Test-Compile	NA	vxE318qcxrwqA_xXPRDI5ixjY9E	false
2019-06-23T17:31:41Z	Dita-GB-Standard-20190622	PRBRENAN	Dita-GB-Standard	NA	jmhb6dMz1ZiF2KTnadCsc6RaZ0Q	false
2019-06-23T17:25:05Z	App-Wax-v2.3.1	CHOCOLATE	App-Wax	NA	3soZv5NauIZxKBCePTFcdPaGnos	false
2019-06-23T17:08:21Z	Web-Mention-0.703	JMAC	Web-Mention	1	LeGuPCX5D3H33jK97rdXP7lq78k	false
2019-06-23T16:57:59Z	Dita-GB-Standard-20190621	PRBRENAN	Dita-GB-Standard	NA	0DOFBvXZHxzPCQ_4_Wlmdmr3Fls	false
2019-06-23T16:48:51Z	DBIx-Class-TopoSort-0.060000	RKINYON	DBIx-Class-TopoSort	NA	oL5v6WchHRjo84t4svvZDuvPDkI	false
2019-06-23T15:59:14Z	HubSpot-Client-0.1	IGIBBS	HubSpot-Client	NA	0itx3GJLrN3Zx_H5gC3Fh2Wdqzk	true
2019-06-23T15:53:37Z	Map-Tube-Madrid-0.37	MANWAR	Map-Tube-Madrid	NA	QURi7EG_t_Er_D4hKjAnXHcExdg	false
2019-06-23T15:48:02Z	WebService-WordsAPI-0.01	NEILB	WebService-WordsAPI	NA	HNIPKS_WlAvJNMFOqVJ77JA1GzA	true
2019-06-23T15:03:47Z	Alien-Build-1.76	PLICEASE	Alien-Build	NA	Drb0TKpegRBJX_2k61plQST99PM	false
2019-06-23T14:55:49Z	Travel-Status-DE-DBWagenreihung-0.02	DERF	Travel-Status-DE-DBWagenreihung	NA	AtIMnDbcLoqqAIp758aO9RWrqXA	false
2019-06-23T14:15:11Z	Game-TextPatterns-1.24	JMATES	Game-TextPatterns	NA	EHO_G_0ZMplXl69ayxYmv01fVAo	false
2019-06-23T09:33:44Z	IO-Uncompress-Untar-1.0	CDRAKE	IO-Uncompress-Untar	NA	6enKXTaxWbhyklefO_HLMQyckOk	true
2019-06-23T07:17:29Z	Tcl-pTk-1.01	CAC	Tcl-pTk	NA	IQveWZ6__b5zN7ps9eZZpIDbBvU	false
2019-06-23T06:01:27Z	Travel-Status-DE-IRIS-1.28	DERF	Travel-Status-DE-IRIS	NA	kFivQYHxspy3IlX_8e9hhWPWGwM	false
2019-06-23T05:47:16Z	App-jl-0.12	BAYASHI	App-jl	NA	1T0wXpU0ZJWi0Al5Jyj__YMz2es	false
2019-06-23T03:38:10Z	Text-Parser-0.927	BALAJIRAM	Text-Parser	NA	YaZJ89kMxY__sl21TPX6_ONW3Uc	false
2019-06-23T02:37:00Z	App-WRT-v6.3.0	BRENNEN	App-WRT	NA	e6vWG0nZ5CLz8_0woQWz56C3_UI	false
2019-06-23T00:22:46Z	CSVJF-0.1.1	PERLANCAR	CSVJF	1	_2M21xVyS8opJIz_d_fnmjFlaPE	false
2019-06-23T00:22:35Z	CSVJF-0.1.0	PERLANCAR	CSVJF	1	SIDD97KGiq11xtMGVK1DpBTTL0M	true
2019-06-22T21:59:27Z	Map-Tube-Kolkatta-0.31	MANWAR	Map-Tube-Kolkatta	NA	lUNhEFeLIwKZwzw3ffAPOeeCKoc	false
2019-06-22T21:08:01Z	App-sdif-4.11.1	UTASHIRO	App-sdif	0	__IHaBv_cxmfUWbTWzcrnpC6tk0	false
2019-06-22T17:20:48Z	App-Randf-0.03	BAYASHI	App-Randf	NA	XYZa26ays8sXrDjFpG4rD__N47k	false
2019-06-22T17:16:37Z	RPi-WiringPi-2.3632	STEVEB	RPi-WiringPi	NA	LHGfa4PXD0pWY7b5_2BIjUjvssQ	false
2019-06-22T15:58:45Z	Promises-1.02	YANICK	Promises	NA	G5mwxpSdPQRQCVXJb2FJmDo2BOQ	false
2019-06-22T15:47:05Z	Escape-Houdini-0.3.1	YANICK	Escape-Houdini	NA	LK4SOQPrxwEWblVVUmLdYpH79ME	false
2019-06-22T14:44:45Z	App-TimeTracker-3.000	DOMM	App-TimeTracker	NA	ghGDAoNab91DRrHLXIcJCbrbfYY	false
2019-06-22T13:37:41Z	Test-Pod-LinkCheck-Lite-0.000_903	WYANT	Test-Pod-LinkCheck-Lite	NA	SZbnkFA2gSWaq_QC4b2ygAOgeck	false
2019-06-22T09:05:58Z	Quiq-1.147	FSEITZ	Quiq	NA	XTL8X1VNiO_dG4mR91sOY_RYtlM	false
2019-06-22T08:37:53Z	Quiq-1.146	FSEITZ	Quiq	NA	KKINGQezGd4fYB67On77xsv2cqw	false
2019-06-22T08:35:10Z	Chart-Plotly-0.027	PABLROD	Chart-Plotly	NA	KWTwBl6zavuT4fMFHng8UWv1lMw	false
2019-06-22T07:49:47Z	SPVM-0.0438	KIMOTO	SPVM	NA	d_MzE7r5FH_wUgzDtDkvzX8tzWI	false
2019-06-22T04:21:27Z	CLI-Helpers-1.4	BLHOTSKY	CLI-Helpers	NA	7aHRG_Oo5ez1EXe_cGVoB3ajMUE	false
2019-06-22T03:57:07Z	Calendar-Dates-0.2.1	PERLANCAR	Calendar-Dates	1	3GvUCxvILWHyAxzfFV7URnI2epk	false
2019-06-21T22:20:12Z	DBIx-Handler-0.15	KARUPA	DBIx-Handler	1	jsZZZZav68G5SaFp3_96er7Qcgw	false
2019-06-21T22:17:08Z	Data-RuledCluster-0.07	KARUPA	Data-RuledCluster	1	ttYAVKzq6ALgCs_y24PSETdOshM	false
2019-06-21T22:09:11Z	Time-Strptime-1.04	KARUPA	Time-Strptime	1	N3NZQDrfoskAQGFG_lGYHFNCquA	false
2019-06-21T22:06:22Z	Minion-Backend-SQLite-4.003	DBOOK	Minion-Backend-SQLite	NA	G0yn1JEAAu78TzXwouJKOLvS46Y	false
2019-06-21T21:43:05Z	DateTimeX-Moment-0.06	KARUPA	DateTimeX-Moment	1	N4NLlEXZWpfCXpE2uyHJe_lMVaw	false
2019-06-21T21:42:54Z	Mojo-SQLite-3.002	DBOOK	Mojo-SQLite	NA	okTJSLnlVcrs_ynC_Wd0T76TPe4	false
2019-06-21T21:26:13Z	AnyEvent-ForkManager-0.07	KARUPA	AnyEvent-ForkManager	1	MNtaCepGmrvgLD2_K7izo7qKW_E	false
2019-06-21T20:27:50Z	App-PhotoDB-0.07	JGAZELEY	App-PhotoDB	NA	L3xkjCkkA7gLYd52uNJPuTFyzRE	false
2019-06-21T19:50:58Z	RPi-SysInfo-1.00	STEVEB	RPi-SysInfo	NA	HTGyJAsWekbQ51QGak3B3UEm9os	false
2019-06-21T18:49:59Z	Text-Parser-0.926	BALAJIRAM	Text-Parser	NA	MaB3WRbkk_XoZACsOXmNOHBezWE	false
2019-06-21T18:34:32Z	RPi-SysInfo-0.02	STEVEB	RPi-SysInfo	NA	7ppSx33zIM6xSuxnJwJMoUT9joU	false
2019-06-21T17:14:46Z	RPi-SysInfo-0.01	STEVEB	RPi-SysInfo	NA	vdcxwaQvAQ_89gNd02bTK_9YoO4	true
2019-06-21T16:08:55Z	App-jl-0.11	BAYASHI	App-jl	NA	9VfD3bY_SlS7bfXWKTPbCEPQ7_8	false
2019-06-21T15:30:08Z	LCFG-Build-Tools-0.9.30	SJQUINNEY	LCFG-Build-Tools	NA	McDI42PbLKEEx_Xa6uXedbqFoTQ	false
2019-06-21T15:28:23Z	LCFG-Build-VCS-0.3.9	SJQUINNEY	LCFG-Build-VCS	NA	9H_INmMWElQKMOqeJXouftJeBG4	false
2019-06-21T15:28:12Z	LCFG-Build-PkgSpec-0.2.7	SJQUINNEY	LCFG-Build-PkgSpec	NA	DA9hLZ25YCcSZhMvzcBCtLlsMXo	false
2019-06-21T15:26:45Z	Test-Pod-LinkCheck-Lite-0.000_902	WYANT	Test-Pod-LinkCheck-Lite	NA	gRjdwfrpGNPHDYqlClaZCakSXZQ	false
2019-06-21T15:15:07Z	Geo-WebService-Elevation-USGS-0.113	WYANT	Geo-WebService-Elevation-USGS	NA	NWsxv7QKhuZ7Wi33aun2y_mNF3I	false
2019-06-21T15:12:10Z	RT-Extension-ConditionalCustomFields-1.02	GIBUS	RT-Extension-ConditionalCustomFields	NA	xzquAWb2NWs1uaHRAL22zjDInoE	false
2019-06-21T15:05:38Z	Net-EPP-Registry-Nominet-0.03_03	HOUSTON	Net-EPP-Registry-Nominet	NA	eQkFlkxJgaMm0nsqsznWcyhcbGA	false
2019-06-21T14:46:26Z	Open-This-0.000020	OALDERS	Open-This	1	oPFNEiJyIi7a79wG6Rb_yPdWVwc	false
2019-06-21T14:43:18Z	Map-Tube-Delhi-0.89	MANWAR	Map-Tube-Delhi	NA	X7I4b7VLaUOWRXXfFOnuldXH4Ic	false
2019-06-21T14:21:34Z	Authen-Radius-0.31	PORTAONE	Authen-Radius	NA	jv2DKU_ejILbXz6oX3y_VTgN0Go	false
2019-06-21T13:53:33Z	Pherkin-Extension-Weasel-0.07	EHUELS	Pherkin-Extension-Weasel	NA	E0DHvRim7ct1TT6PX7ntEvT9lVk	false
2019-06-21T13:39:19Z	Data-Table-Text-20190621	PRBRENAN	Data-Table-Text	NA	IPAyy2ljPaFM5mC3GIHhj3Q3As4	false
2019-06-21T13:39:08Z	Data-Edit-Xml-20190621	PRBRENAN	Data-Edit-Xml	NA	cqBtsWnYjOa5PqsqTZwjph2EJY0	false
2019-06-21T12:50:20Z	Weasel-0.23	EHUELS	Weasel	NA	4taTgqs8Ncjo718XQHs_HqkcPeM	false
2019-06-21T12:29:19Z	WWW-ORCID-0.0402	NICS	WWW-ORCID	0	hSnzbhmQzIbifW_uCUyWuBOOqQw	false
2019-06-21T11:47:24Z	Dist-Zilla-PluginBundle-SHLOMIF-0.000009	SHLOMIF	Dist-Zilla-PluginBundle-SHLOMIF	NA	thwit8nkqxVwiQD7XfNdWsqxFI8	false
2019-06-21T11:38:17Z	Pod-Weaver-PluginBundle-SHLOMIF-0.001002	SHLOMIF	Pod-Weaver-PluginBundle-SHLOMIF	NA	0qvbjci4q72n66DWc5vmUCZVs_I	false
2019-06-21T06:29:07Z	Linux-Capabilities-0.3	AINFERNO	Linux-Capabilities	NA	bxNHfpLlrZqkqFjaUOWwE4bX31E	false
2019-06-21T05:48:29Z	Try-Harder-0.002	SSCAFFIDI	Try-Harder	NA	xkzs7bhm8qLOOzF1cVC_Vmh87_c	false
2019-06-21T04:23:43Z	Test2-Aggregate-0.05	DKECHAG	Test2-Aggregate	NA	XD2rcLASeeFFdv3SPXGj5tGyY7M	false
2019-06-21T03:15:21Z	URI-Pure-0.09	KNI	URI-Pure	NA	rOf5pKHSpmvG8OQJfDEuUHueh6Q	true
2019-06-21T00:30:09Z	App-lcpan-1.034	PERLANCAR	App-lcpan	1	jXLY0wi3fkjsYA3dsxJhw_KLFuA	false
2019-06-21T00:29:58Z	App-cpanm-namespace-0.001	PERLANCAR	App-cpanm-namespace	1	CpvoCePYWtX9mchz_AsMOaDwnJI	true
2019-06-20T22:49:21Z	App-sdif-4.11.0	UTASHIRO	App-sdif	0	0hWqmZfDM2vhrdRyJNmm8q9SlUk	false
2019-06-20T21:29:38Z	Hash-Wrap-0.09	DJERIUS	Hash-Wrap	NA	ggcd8feBeQukD6p__O3xiywTL2Q	false
2019-06-20T21:11:23Z	CPAN-Perl-Releases-4.08	BINGOS	CPAN-Perl-Releases	NA	SuV6SQpRwVTvavAhOm_3GZDel5Y	false
2019-06-20T21:09:56Z	Module-CoreList-5.20190620	BINGOS	Module-CoreList	NA	jgaRGC1ugIFSeJN9jT_5Sq53blk	false
2019-06-20T20:43:51Z	Map-Tube-Barcelona-0.73	MANWAR	Map-Tube-Barcelona	NA	mnizqJ6xR2NzX1eIttnJ_QJ2_tM	false
2019-06-20T20:22:08Z	Try-Harder-0.001	SSCAFFIDI	Try-Harder	NA	jqKfgM424T_liKcGDCWSwxt_CHs	true
2019-06-20T20:19:01Z	perl-5.31.1	ETHER	perl	NA	CWWlbHzEZZpjeIF2goUZjtWBcVk	false
2019-06-20T19:35:05Z	Proc-ProcessTable-0.59	JWB	Proc-ProcessTable	NA	aXS0duE3i_ifMI7SntjkXzrPT8k	false
2019-06-20T19:26:36Z	Archive-Zip-SimpleZip-0.025	PMQS	Archive-Zip-SimpleZip	NA	xZ8_hYPFfg8Q8NoNzmKcxabvJvY	false
2019-06-20T19:26:25Z	CBOR-Free-0.11	FELIPE	CBOR-Free	NA	Wb9O0juhHNNxsm5NYuBkweI8y_Y	false
2019-06-20T18:14:13Z	YAML-LibYAML-API-0.006	TINITA	YAML-LibYAML-API	NA	HNh85xXp9KoZaHA36OBkEWk9vf8	false
2019-06-20T16:35:34Z	Code-TidyAll-Plugin-Spellunker-0.01	KARUPA	Code-TidyAll-Plugin-Spellunker	1	iHrh0pMkfUluGYUV_2IEAUhS_kM	true
2019-06-20T16:17:41Z	CBOR-Free-0.11_02	FELIPE	CBOR-Free	NA	9DxgqGsDqQbx5QHv107M_9_sxdo	false
2019-06-20T16:02:19Z	Test-Pod-LinkCheck-Lite-0.000_901	WYANT	Test-Pod-LinkCheck-Lite	NA	AMy8hJJ6I9SUXv_r7ONDht0A4ew	false
2019-06-20T15:43:30Z	Astro-Montenbruck-0.05	KRUSHI	Astro-Montenbruck	NA	SMukcAZftWbQKfjRs5dxcFlHmew	false
2019-06-20T14:49:02Z	CBOR-Free-0.11_01	FELIPE	CBOR-Free	NA	FbQk8Hq7sQTFJq5WtbwvcZ2OEzc	false
2019-06-20T13:53:18Z	App-depak-0.581	PERLANCAR	App-depak	1	ANM_9cKCHZ_glYaNPpX1yVVCHfU	false
2019-06-20T12:53:47Z	Text-ANSI-Fold-0.06	UTASHIRO	Text-ANSI-Fold	1	oVq7oLn4RXplmxkbdKeRsbnaZxc	false
2019-06-20T12:43:24Z	Test-FITesque-RDF-0.008	KJETILK	Test-FITesque-RDF	1	jcwWatHhPdk02Lq9y2O0IZ7n_UQ	false
2019-06-20T11:52:44Z	Astro-Montenbruck-0.04-TRIAL	KRUSHI	Astro-Montenbruck	NA	d7ZciCUZ_tk_RnT5XS4GhP7nRWM	false
2019-06-20T11:25:58Z	Syntax-Construct-1.014	CHOROBA	Syntax-Construct	NA	fKlay_TgMKw_v6VNkQDX_EBp56Y	false
2019-06-20T10:22:33Z	IPC-MPS-0.20	KNI	IPC-MPS	NA	ET23AkfECbqcomg3QkmdZlW6Lzo	false
2019-06-20T09:01:10Z	Perinci-Sub-GetArgs-Argv-0.842	PERLANCAR	Perinci-Sub-GetArgs-Argv	1	4q9ALt7yzU5NSBlbPbM36ZiDAeQ	false
2019-06-20T09:00:59Z	Perinci-CmdLine-Gen-0.491	PERLANCAR	Perinci-CmdLine-Gen	1	yXstbItxmxRJnhiEej7_a4ozfjg	false
2019-06-20T09:00:48Z	Perinci-CmdLine-Any-0.151	PERLANCAR	Perinci-CmdLine-Any	1	pC_LuWkdFZIMTfAkdRWAxswT7dE	false
2019-06-20T09:00:36Z	Perinci-CmdLine-Any-0.150	PERLANCAR	Perinci-CmdLine-Any	1	L53H8WM_i8UBtypvt10raFgM4MA	false
2019-06-20T07:44:46Z	Raisin-0.83	RTKH	Raisin	NA	1lz00wtD4aLiEigm7JydROoNvW8	false
2019-06-20T06:43:50Z	Perinci-CmdLine-Lite-1.820	PERLANCAR	Perinci-CmdLine-Lite	1	a9VvD6Hp47qnNZh9naOmdh1tSSE	false
2019-06-20T04:42:11Z	eris-0.008	BLHOTSKY	eris	NA	krRKTvwjjVQpzWugv_q8sIWC_2E	false
2019-06-20T04:23:31Z	App-ElasticSearch-Utilities-6.9	BLHOTSKY	App-ElasticSearch-Utilities	NA	QxADauVvCI9EKzLyo4smKzvcBDY	false
2019-06-20T03:43:59Z	Data-Edit-Xml-20190620	PRBRENAN	Data-Edit-Xml	NA	4LM9_EGM86R6CKg7CmtzjQm0iEo	false
2019-06-20T03:42:33Z	Data-Table-Text-20190620	PRBRENAN	Data-Table-Text	NA	3WpQbUywoJvxwpSm52KCqNyvVVE	false
2019-06-20T02:48:25Z	Yancy-1.033	PREACTION	Yancy	NA	aaI69i7_nCacrc_tk_AO3CUghSs	false
2019-06-20T00:34:27Z	DefHash-1.0.12	PERLANCAR	DefHash	1	BIMSQujgSpwfYiy9WKmd6hL_yvY	false
2019-06-20T00:25:16Z	RPi-StepperMotor-2.3605	STEVEB	RPi-StepperMotor	NA	frcZxbalHtuORbZmIbggXuzvWjA	false
2019-06-19T22:47:52Z	MogileFS-Client-Async-0.031	DLAMBLEY	MogileFS-Client-Async	NA	LVrzMjAdKU_Xb9eFfKVn2bsNyrE	false
2019-06-19T22:37:24Z	FFI-Platypus-Lang-Rust-0.06	PLICEASE	FFI-Platypus-Lang-Rust	NA	5lR8GAPDMYvnsYRsGEO_pqT_cRQ	false
2019-06-19T22:14:21Z	GenOOx-Data-File-SAMbwa-0.0.5	MNSMAR	GenOOx-Data-File-SAMbwa	NA	cddODaiztKzoOrop6_a37zhag_U	false
2019-06-19T22:10:16Z	Endoscope-0.001	BTYLER	Endoscope	NA	WRPHRdxLJxFCBuurWpvTzN4AEzI	true
2019-06-19T20:30:00Z	Image-Animated-JPEG-0.03	CLIPLAND	Image-Animated-JPEG	NA	YQ4_FQm7DY3eP9HGZBSay2IdhhY	false
2019-06-19T20:28:33Z	Pcore-CDN-Static-v0.50.0	ZDM	Pcore-CDN-Static	NA	BYH7GEjp_ZyN3sGLWq22opudFoU	false
2019-06-19T20:24:28Z	autobox-Transform-1.034	JOHANL	autobox-Transform	1	RC3ZnwdTQ_0rmI_bAXeCdMQkQTY	false
2019-06-19T20:16:37Z	autobox-Transform-1.033	JOHANL	autobox-Transform	1	GNYluKUSckJo5oenCSReZT2ofNw	false
2019-06-19T19:24:11Z	autobox-Transform-1.032	JOHANL	autobox-Transform	1	iCD8PQD8rh5tL9BXagGMg0sLThI	false
2019-06-19T19:00:54Z	CTKlib-2.01	ABALAMA	CTKlib	NA	IYjA5uAJ8dpUsowEXBLzAGZY4CM	false
2019-06-19T18:21:05Z	MToken-1.02	ABALAMA	MToken	NA	MDxgbvB6IM4CCKeXS61vJF9xWgU	false
2019-06-19T17:32:43Z	Devel-Optic-0.012	BTYLER	Devel-Optic	NA	U05tA93PxSi_Z8TDACxwqrM2ksA	false
2019-06-19T16:15:29Z	Device-Yeelight-0.11	JBAIER	Device-Yeelight	NA	Cfv8nI2qz4Nku9K67WraVK3w2_s	false
2019-06-19T15:42:59Z	Map-Tube-London-1.31	MANWAR	Map-Tube-London	NA	MJBe_fzotRjgIiDHGsDjfTNSZ38	false
2019-06-19T15:29:48Z	Function-Interface-0.06	KFLY	Function-Interface	1	H__KpSOgJHCbc7LMPZNjZFuvCIs	false
2019-06-19T14:23:06Z	Dancer2-0.208000	CROMEDOME	Dancer2	NA	vS_mflkqDK_Qb0EV40eClthM_F8	false
2019-06-19T13:15:57Z	Function-Return-0.07	KFLY	Function-Return	1	KL2W3e3CfztECUthCrwpPJxqL_4	false
2019-06-19T11:27:37Z	GrabzItClient.3.3.4	GRABZIT	GrabzItClient	NA	5KfUZqYd5RCi_C3CFHfVtqgCZbA	false
2019-06-19T11:12:10Z	Mojolicious-Plugin-Prometheus-1.2.2	MRAMBERG	Mojolicious-Plugin-Prometheus	1	i0lWEaEeu8806enA5YaEkA23KZs	false
2019-06-19T10:58:50Z	FFI-Platypus-0.88	PLICEASE	FFI-Platypus	NA	p5ABwb0V4Boe7pziexLDZwoXk2I	false
2019-06-19T09:22:11Z	Astro-Montenbruck-0.03-TRIAL	KRUSHI	Astro-Montenbruck	NA	7APUvYXul0Bz0pMkenEWp9ELaO4	false
2019-06-19T09:14:07Z	Net-Google-WebmasterTools-0.03	RHAMMOND	Net-Google-WebmasterTools	NA	tuKzQnt0IhWrvMHP9P2PsBZhVkU	false
2019-06-19T08:29:22Z	Net-Google-WebmasterTools-0.02	RHAMMOND	Net-Google-WebmasterTools	NA	ARWnzn_PYX1AVkbMBDa8mOaySG8	false
2019-06-19T08:06:30Z	Cfn-0.06	JLMARTIN	Cfn	NA	5Aply0SCyPRYVk_woHG04R5MpV0	false
2019-06-19T05:32:30Z	Pcore-Ext-v0.33.3	ZDM	Pcore-Ext	NA	A_FMBaqsnuyoEXme1G3In4vvHxY	false
2019-06-19T04:56:54Z	AWS-CLIWrapper-1.17	HIROSE	AWS-CLIWrapper	NA	T0AkmcDyXr_fbU7WF9WbwsTtObg	false
2019-06-19T04:37:45Z	Pcore-Ext-v0.33.2	ZDM	Pcore-Ext	NA	fexyQbQINW7dS9e_h_UypSp66_U	false
2019-06-19T04:29:52Z	Text-Markdown-Hoedown-1.03	TOKUHIROM	Text-Markdown-Hoedown	0	5_2755SbH7BUhU1PRznLw9kyhHk	false
2019-06-19T04:16:58Z	Pcore-Ext-v0.33.1	ZDM	Pcore-Ext	NA	OK80MgTYzlQWS0GZwrob8qtwYQs	false
2019-06-19T03:55:42Z	LINE-Bot-API-1.09	GUGOD	LINE-Bot-API	1	a147nsk91DlEgKu4KiwXnyiEmAE	false
2019-06-19T03:50:22Z	POE-Component-ElasticSearch-Indexer-0.011	BLHOTSKY	POE-Component-ElasticSearch-Indexer	NA	iVD7L8KiH_Lshl9iPK6lyjwiM0I	false
2019-06-19T03:34:42Z	WebService-LogDNA-0.001	RMZG	WebService-LogDNA	NA	3CTKUiS8jspPWBVL0vUAV70l_pA	true
2019-06-19T03:30:44Z	Pcore-v0.94.0	ZDM	Pcore	NA	J6PFOj_00NpPKYLnxKniRhupcvQ	false
2019-06-19T03:29:17Z	Pcore-Ext-v0.33.0	ZDM	Pcore-Ext	NA	rA1UpKm_MiDAPDoX8Qv2NeIcAS0	false
2019-06-19T02:15:59Z	Tcl-pTk-1.00	CAC	Tcl-pTk	NA	SsMw8DVbmHYmce92UVHDSg4ikUY	false
2019-06-19T01:32:26Z	Retry-Backoff-0.001	PERLANCAR	Retry-Backoff	1	ld__wUfDpyKbbRXe80e7hk2vrOo	true
2019-06-19T01:32:15Z	Algorithm-Backoff-0.007	PERLANCAR	Algorithm-Backoff	1	0h5YZKfjqSk5M1JGqFLJYC6jdxY	false
2019-06-19T00:58:53Z	Web-Solid-Test-Basic-0.001	KJETILK	Web-Solid-Test-Basic	1	IhGsJfHycB42T0rkN9kG8WjnL2U	true
2019-06-19T00:37:06Z	Pcore-CDN-Static-v0.49.1	ZDM	Pcore-CDN-Static	NA	3ztR4HuYwNt3HcWId99HCPn_wF4	false
2019-06-19T00:24:46Z	App-ElasticSearch-Utilities-6.8	BLHOTSKY	App-ElasticSearch-Utilities	NA	GXJtM1xlH_x2Obs9vHohYY5cut8	false
2019-06-18T22:25:57Z	Geo-GoogleEarth-AutoTour-1.06	GRYPHON	Geo-GoogleEarth-AutoTour	NA	0b53w_OFC23uo91hDwgDlgMeReo	false
2019-06-18T21:38:46Z	WWW-AzimuthAero-0.2	PAVELSR	WWW-AzimuthAero	NA	WE5d21eu3bpyQ1lrST4Rg_ib8uo	false
2019-06-18T21:27:16Z	XML-XSH2-2.2.3	CHOROBA	XML-XSH2	NA	kY5TYlwhqzkbLv9iEFM2JfB55b8	false
2019-06-18T20:54:12Z	Alien-nasm-0.22	PLICEASE	Alien-nasm	NA	W_oIWp7dqkZ63pbYrc7eHVaE8iI	false
2019-06-18T19:53:09Z	JSON-PP-4.03	ISHIGAKI	JSON-PP	NA	W7zyL2VC6TbuIzg_qzCkHdmVwjk	false
2019-06-18T18:38:11Z	Net-Clacks-6	CAVAC	Net-Clacks	NA	pPwLZ0qhF0Imz0qDYazBAMgwb5c	false
2019-06-18T17:04:16Z	Map-Tube-3.63	MANWAR	Map-Tube	NA	EZXL6EXGLDohM8aJLlDAWFURsWk	false
2019-06-18T15:53:07Z	Mojolicious-Plugin-SPNEGO-0.4.0	OETIKER	Mojolicious-Plugin-SPNEGO	NA	Wwq_uU5lGH3A0rysnPdFfCMf_ug	false
2019-06-18T15:27:37Z	Alien-nasm-0.21	PLICEASE	Alien-nasm	NA	O2hm0YTCJ0bTnkjwvuo6ceJrCjk	false
2019-06-18T15:13:23Z	Alien-Libbz2-0.24	PLICEASE	Alien-Libbz2	NA	3jyELMZJWSlJvgiTf7zzqnu2fXY	false
2019-06-18T14:12:34Z	Alien-Build-Plugin-Decode-SourceForge-0.02	PLICEASE	Alien-Build-Plugin-Decode-SourceForge	NA	DWlUu2RgcswTT3FDLqDRcicIcIg	false
2019-06-18T13:48:19Z	Syntax-Construct-1.013	CHOROBA	Syntax-Construct	NA	ug3wZYkHVT0RyeErwsxbj1VGsqA	false
2019-06-18T12:21:03Z	Promises-Channel-0.04	JEFFOBER	Promises-Channel	NA	Eu2zKsqAUzODx6Gw93j0nsgPdkM	false
2019-06-18T11:55:15Z	Pg-Explain-0.80	DEPESZ	Pg-Explain	NA	XzXqXQYc7jCDmp6AaWSv465v038	false
2019-06-18T11:48:17Z	Selenium-Remote-Driver-1.33	TEODESIAN	Selenium-Remote-Driver	NA	S_Sok0yzRkRvsXIwr_8X9aurbBU	false
2019-06-18T10:53:47Z	GeoIP2-2.006002	MAXMIND	GeoIP2	NA	O_DkXuSmkFry3Onz20_wSMa8Kf8	false
2019-06-18T10:48:27Z	MaxMind-DB-Reader-XS-1.000008	MAXMIND	MaxMind-DB-Reader-XS	NA	LP2B9V5Q18N3hIGfAXMiJwytef4	false
2019-06-18T10:44:20Z	Test-Compile-v2.0.0	EGILES	Test-Compile	NA	CEPRHcYKUm3L5_2mbpzacyP_s1I	false
2019-06-18T10:41:09Z	MaxMind-DB-Reader-1.000014	MAXMIND	MaxMind-DB-Reader	NA	gNEKZI5mgHlqTMCoLSvh6bkN4oA	false
2019-06-18T10:08:42Z	WebService-MinFraud-1.009001	MAXMIND	WebService-MinFraud	NA	L43sB8nxKdZ6Uv8j2wENM_nXmVg	false
2019-06-18T09:33:12Z	Pcore-Ext-v0.32.0	ZDM	Pcore-Ext	NA	gH9X1gd_0VL1lMnsD_iIi08v4Pg	false
2019-06-18T09:33:01Z	Pcore-CDN-Static-v0.49.0	ZDM	Pcore-CDN-Static	NA	mZyD9dDyq9xeFpAwH3kciicjMMQ	false
2019-06-18T09:03:50Z	XML-XSH2-2.2.2	CHOROBA	XML-XSH2	NA	50au_eYj1EVI9WLsg8T26GWG_K0	false
2019-06-18T08:59:49Z	AsposeCellsCloud-CellsApi-19.6	ASPOSEAPI	AsposeCellsCloud-CellsApi	NA	8h__L3bCkcvADBZ4Za2VecfgTVU	false
2019-06-18T07:54:59Z	Catmandu-Store-MongoDB-0.0803	NICS	Catmandu-Store-MongoDB	0	9SvuDt2AVA8OOOLYfS2xGwS2AtI	false
2019-06-18T06:20:04Z	MarpaX-Demo-JSONParser-1.08	RSAVAGE	MarpaX-Demo-JSONParser	NA	IDlJEvWZ5aX2wcZ3T6a0CVPcQuc	false
2019-06-18T06:12:09Z	WordList-HTTP-UserAgentString-PERLANCAR-0.003	PERLANCAR	WordList-HTTP-UserAgentString-PERLANCAR	1	JkN66rjZaTCebh0BGj6z64z4t9s	false
2019-06-18T06:04:13Z	CPAN-Plugin-Sysdeps-0.60	SREZIC	CPAN-Plugin-Sysdeps	NA	q28dKUq7B3WVeMsunstierPfSZM	false
2019-06-18T05:29:41Z	App-HomeBank2Ledger-0.004	CCM	App-HomeBank2Ledger	NA	pNFaz70OaWR9640jhTlVxJWXuvk	false
2019-06-18T03:01:49Z	Pcore-CDN-Static-v0.48.0	ZDM	Pcore-CDN-Static	NA	qmsy_yrWSNZ9wHufiOqX2FNOcWM	false
2019-06-18T01:01:44Z	Text-xSV-Slurp-0.23	DANBOO	Text-xSV-Slurp	NA	7Zbx5CoAPfTb1ViFEAZYJc32pwM	false
2019-06-17T22:53:58Z	HTTP-MultiGet-1.021	AKALINUX	HTTP-MultiGet	NA	k8I17vGLIz9ioPk0q8_brjl2x8A	false
2019-06-17T22:51:20Z	XML-XSH2-2.2.1	CHOROBA	XML-XSH2	NA	yfZmpnNfsdNzfTMrc8ezhtPK6LY	false
2019-06-17T22:21:58Z	HTTP-MultiGet-1.020	AKALINUX	HTTP-MultiGet	NA	QaDWW6fXxQSHAWTBUKP6tsTkarc	false
2019-06-17T22:02:45Z	Text-FrontMatter-YAML-0.09	VITAHALL	Text-FrontMatter-YAML	NA	SK0skx2zr3mHSTK8WHN05ibkoT4	false
2019-06-17T21:14:25Z	HTTP-MultiGet-1.019	AKALINUX	HTTP-MultiGet	NA	166ditF1zKawEbo5m_DNIGc3ag4	false
2019-06-17T19:38:05Z	Devel-Optic-0.011	BTYLER	Devel-Optic	NA	8eea7eXX6cCVsSecWFbhGW0xZH4	false
2019-06-17T19:31:29Z	Promises-Channel-0.03	JEFFOBER	Promises-Channel	NA	vQ8fFYyWupieGFntoK_SI31NNFw	false
2019-06-17T18:24:19Z	Algorithm-MinPerfHashTwoLevel-0.16	YVES	Algorithm-MinPerfHashTwoLevel	NA	CRsrVuT_CEdfhI7hR9y8o2wImx8	false
2019-06-17T18:16:07Z	Data-Verifier-0.63	MANWAR	Data-Verifier	NA	aBxWQk5ozz9FCaepoK2X7Py_a0c	false
2019-06-17T17:35:18Z	Plack-App-GraphQL-0.002	JJNAPIORK	Plack-App-GraphQL	NA	UjOXStQkQ7cSj8IJxGF30B7xiEs	false
2019-06-17T16:14:20Z	Future-AsyncAwait-0.28	PEVANS	Future-AsyncAwait	NA	ux7eRqrWxzImAH_glExFhQ8LTR8	false
2019-06-17T15:43:37Z	FB3-Convert-0.33	GRIBUSER	FB3-Convert	NA	3UiYUXDKOOWWNymsSjjbbCR6_vg	false
2019-06-17T14:50:11Z	Text-Parser-0.925	BALAJIRAM	Text-Parser	NA	p5YXO_JUcwK6vlVks6tw5E0n64w	false
2019-06-17T14:15:21Z	App-GHPT-1.000012	MAXMIND	App-GHPT	NA	TjrBZoc_SiR9QvIuNnJCic19eBU	false
2019-06-17T13:48:36Z	FASTX-Reader-0.60	PROCH	FASTX-Reader	NA	AxxXkTT7RQQURQmnge9i2p5CwmE	false
2019-06-17T13:33:11Z	String-Compare-ConstantTime-0.321	FRACTAL	String-Compare-ConstantTime	NA	dDioeaOidf4cTG_8k3WLDCMW8Ao	false
2019-06-17T12:29:51Z	JSONP-1.93	ACANFORA	JSONP	NA	8ijg4vtgIW2xuvFIF4apGlImu4w	false
2019-06-17T11:31:38Z	Test-Pod-LinkCheck-Lite-0.000_900	WYANT	Test-Pod-LinkCheck-Lite	NA	VXrqCxyp0SzwmQUMZ8oVaNSTM60	true
2019-06-17T08:36:06Z	AnyEvent-YACurl-0.09_008	TVDW	AnyEvent-YACurl	NA	hWz_nUY2muaUKFgWB16cFD9tEQI	false
2019-06-17T07:50:23Z	Test-APIcast-0.24	MCICHRA	Test-APIcast	1	XaWC5dw0__ytlPW6hGG7j3HsmaA	false
2019-06-17T07:45:06Z	Devel-NYTProf-6.06_03	RURBAN	Devel-NYTProf	NA	TU5r0dcGQnQd5vj8o9fyw9RQPoY	false
2019-06-17T07:38:31Z	TermReadKey-2.38_03	RURBAN	TermReadKey	NA	xtPFIRF9WNT6TkBi_LPf_eLPOdg	false
2019-06-17T07:16:15Z	TUWF-1.3	YORHEL	TUWF	NA	pKLbaFj42kEgKwywXZloEw1YaH4	false
2019-06-17T05:40:26Z	PMLTQ-3.0.2	MATY	PMLTQ	NA	TyKGQdTXeUSYETzYRCeHefo6v3g	false
2019-06-17T04:59:26Z	Net-AS2-1.0110	AJM	Net-AS2	NA	THB914nzRTAiLUsGfqW9xZT92G0	false
2019-06-17T04:33:55Z	Config-Tiny-2.24	RSAVAGE	Config-Tiny	NA	fkvoJhZ_zunSkClQPEKS49r7n1U	false
2019-06-17T03:48:15Z	VoIPms-0.01	JOHNMERTZ	VoIPms	NA	KwRNR0L2uIRSBKCod4a7xD_jI1Y	true
2019-06-17T03:15:10Z	Siffra-Tools-0.11	LUIZBENE	Siffra-Tools	NA	VsrURfCX98feudE85ntkIoQ4LFk	false
2019-06-17T03:04:47Z	Siffra-Tools-0.10	LUIZBENE	Siffra-Tools	NA	PwGXr5CUPvFlRbbNZdF35kI0gec	false
2019-06-17T02:45:39Z	Systemd-Util-0.002	PERLANCAR	Systemd-Util	1	dHSkKBC12eVZ41QHv2uCRQZwyz0	false
2019-06-17T02:37:54Z	Pcore-v0.93.0	ZDM	Pcore	NA	3wQILoNUy97Z8hyfwDtttMn0FKA	false
2019-06-16T22:11:35Z	Function-Return-0.06	KFLY	Function-Return	1	rR8uTjoTAaJYyAFBLSDS1A9JdeQ	false
2019-06-16T21:19:47Z	Pcore-Ext-v0.31.7	ZDM	Pcore-Ext	NA	BThC7yKwvyEe8JPijq7_T9IXMJc	false
2019-06-16T21:05:26Z	Archive-Zip-SimpleZip-0.024	PMQS	Archive-Zip-SimpleZip	NA	k7r8LZ2W2EA55lfWKGIGI38Zlio	false
2019-06-16T20:57:16Z	Archive-Zip-SimpleZip-0.023	PMQS	Archive-Zip-SimpleZip	NA	2zz0ZZh4n6_MXTwo1mp0JCGgLqE	false
2019-06-16T19:07:08Z	Devel-Optic-0.010	BTYLER	Devel-Optic	NA	6_FbGmkzhFnpQpq2y_prNoWtvAU	false
2019-06-16T15:29:47Z	HTML-Lint-Pluggable-0.10	KARUPA	HTML-Lint-Pluggable	1	sPm1WFMiawF75AsYBvxVC7RU_J8	false
2019-06-16T15:15:27Z	HTML-Lint-Pluggable-0.09	KARUPA	HTML-Lint-Pluggable	1	6_D_i4s5wjuqgbEEJ0mBt4MTmsY	false
2019-06-16T14:45:42Z	Net-Async-Redis-2.000	TEAM	Net-Async-Redis	NA	BK_siaHZY8iAR6c8Xzds8M2vh04	false
2019-06-16T13:57:11Z	OpenTracing-0.003	TEAM	OpenTracing	NA	46Pj9mXEmyazy8_yKoupooxH7No	false
2019-06-16T13:25:20Z	App-TimeTracker-Command-Git-3.000	DOMM	App-TimeTracker-Command-Git	NA	w_IVYVB95sS0ZWA1lFalikVAH2k	true
2019-06-16T13:12:20Z	App-TimeTracker-Command-RT-3.000	DOMM	App-TimeTracker-Command-RT	NA	R8NKWPPpBSUORsOFBln_L_usTgw	true
2019-06-16T13:10:53Z	App-TimeTracker-Command-TellRemote-3.000	DOMM	App-TimeTracker-Command-TellRemote	NA	3lpHRjl3DmAOBxkws_prxBhm5hY	true
2019-06-16T13:00:30Z	Astro-UTDF-0.008	WYANT	Astro-UTDF	NA	Z4b2_GY9Ds7NNUlrYsrRD5K0jp4	false
2019-06-16T09:13:14Z	Test-Strict-0.52	MANWAR	Test-Strict	NA	_7UKW35VawBQBtciRDPVSVvsSGQ	false
2019-06-16T04:43:10Z	Pcore-CDN-Static-v0.47.0	ZDM	Pcore-CDN-Static	NA	5Y_GNjeXTyB27FyKUXVE5gLniaA	false
2019-06-16T00:04:15Z	Log-ger-Level-Like-Mojo-0.001	PERLANCAR	Log-ger-Level-Like-Mojo	1	zUamStICP_Ots6T6ZsQ_Ro_YjI4	true
2019-06-16T00:04:04Z	Dist-Zilla-Plugin-Calendar-Dates-0.100	PERLANCAR	Dist-Zilla-Plugin-Calendar-Dates	1	e6fDQt_7Mr3RSO8IDxMRd_Pg9b8	false
2019-06-15T23:48:30Z	Plack-App-GraphQL-0.001	JJNAPIORK	Plack-App-GraphQL	NA	xElCif_56RTRc1G8oaRxuxZ8_d0	true
2019-06-15T22:22:53Z	App-Spec-0.010	TINITA	App-Spec	NA	Kfz45FVnPoITodqo5uejEGv3WaA	false
2019-06-15T22:08:34Z	Devel-Optic-0.009	BTYLER	Devel-Optic	NA	jp0pmMw7utbpIscMD7cDBqJwMOg	false
2019-06-15T21:22:22Z	WWW-Mechanize-Chrome-0.34	CORION	WWW-Mechanize-Chrome	1	OOWUonVxGvz4gorJAwSIvu01Euw	false
2019-06-15T21:18:06Z	Devel-Optic-0.008	BTYLER	Devel-Optic	NA	XCMME8JVGSRqmkGXWxpEVtiK0Zo	false
2019-06-15T20:13:32Z	App-aptperl-v0.0.4	IVANWILLS	App-aptperl	NA	3rAhEFLcohC2furF9S8u3lvFwbg	false
2019-06-15T19:20:02Z	Proc-ProcessTable-0.58	JWB	Proc-ProcessTable	NA	ktq_LLd5dAgP8Ktqyfi3El1iK4A	false
2019-06-15T18:56:51Z	Proc-ProcessTable-0.57	JWB	Proc-ProcessTable	NA	Eyf5rRH6tduuBZ7cJXGIOLC26YU	false
2019-06-15T17:11:45Z	Devel-Optic-0.007	BTYLER	Devel-Optic	NA	VGlaZs2r00Q3JPiQ7ZXd66GSopQ	false
2019-06-15T16:13:26Z	App-NetworkUtils-0.004	PERLANCAR	App-NetworkUtils	1	d0Px8lJFbMcJyBMjBAAOpXkM_R0	false
2019-06-15T16:08:03Z	App-BluetoothUtils-0.002	PERLANCAR	App-BluetoothUtils	1	B4E95_sR2xtCjQH90loNApdx89s	false
2019-06-15T14:16:23Z	Promises-1.01	YANICK	Promises	NA	WheDclEOZ1nfiezOPW0TZa2uU_c	false
2019-06-15T14:08:34Z	Socket-2.029_05	RURBAN	Socket	NA	o93POJnMIQz8IjAedmX_k1UV1V4	false
2019-06-15T13:55:40Z	App-jl-0.10	BAYASHI	App-jl	NA	M7Bb6i9_EwqmRcSTh52DJA6ujr4	false
2019-06-15T13:04:46Z	Devel-Optic-0.006	BTYLER	Devel-Optic	NA	omHFkWHEkEDANTZEEcO8MbxaECo	false
2019-06-15T12:17:54Z	YAML-LibYAML-API-0.005_001	TINITA	YAML-LibYAML-API	NA	U6HqFe87okDNnXL89wT0UG46Ntg	false
2019-06-15T11:58:40Z	Opsview-RestAPI-1.191660	DUNCS	Opsview-RestAPI	NA	mrJ6tKo1jUF4BIQCHYtQYBnBDvw	false
2019-06-15T11:36:51Z	perlsnippets-0.004	PERLANCAR	perlsnippets	1	18Yb6jDCwRGumJid0blmswUO9Rw	false
2019-06-15T11:36:40Z	perlsnippets-0.003	PERLANCAR	perlsnippets	1	PeAUGx3EgngW1WTODg9mAQjhfTM	true
2019-06-15T11:28:52Z	Proc-ProcessTable-0.56_02	JWB	Proc-ProcessTable	NA	nRpNBqcdakowlU_dxmvkplF54HU	false
2019-06-15T09:36:13Z	Devel-PatchPerl-1.64	BINGOS	Devel-PatchPerl	NA	714q3e6uB_Ba_xkyUDt2kbyryHc	false
2019-06-15T08:55:24Z	Pcore-v0.92.0	ZDM	Pcore	NA	jb2syyN_E4xsjitV7D6sfCB9HWE	false
2019-06-15T08:12:15Z	Math-NV-2.02	SISYPHUS	Math-NV	NA	4soify04ZpIktU6iVA5eD7JeJ8U	false
2019-06-15T08:08:02Z	Math-MPFR-4.12	SISYPHUS	Math-MPFR	NA	rRWcAgICFSbKVplhXeubx_9o22c	false
2019-06-15T05:28:51Z	Test-Strict-0.51	MANWAR	Test-Strict	NA	tLw_c_cbw9ZQIP6Jh98ywgnFSoY	false
2019-06-14T21:16:11Z	Proc-ProcessTable-0.56_01	JWB	Proc-ProcessTable	NA	511_gW95_U0dbXI7H3S4HliPfuU	false
2019-06-14T18:02:31Z	Config-Model-OpenSsh-2.7.9.2	DDUMONT	Config-Model-OpenSsh	NA	D2LewxBcvlBJDYy46a_Gx3AmUYY	false
2019-06-14T17:59:40Z	Crypt-Rijndael-1.14	LEONT	Crypt-Rijndael	NA	XPg_G_NvhyxsAIFAdJgx3M7Q6Ic	false
2019-06-14T15:50:48Z	App-jl-0.09	BAYASHI	App-jl	NA	tHydMP6qFvJIBdRGzdtmEylPl6g	false
2019-06-14T15:15:52Z	CBOR-Free-0.10	FELIPE	CBOR-Free	NA	wiC7qLFMLb0M_O8B4fxEwagMpOM	false
2019-06-14T14:49:08Z	CBOR-Free-0.10_01	FELIPE	CBOR-Free	NA	cMVmY8cKFc71S7CdI_9RKKSZ62M	false
2019-06-14T14:42:33Z	Test2-Aggregate-0.04	DKECHAG	Test2-Aggregate	NA	8BIt_MunXlHLy2QTUqWoScESfTA	false
2019-06-14T14:32:05Z	Test-Strict-0.50	MANWAR	Test-Strict	NA	wMRQa5Aad_7JHkXItkJqiIxlV7I	false
2019-06-14T13:51:27Z	Open-This-0.000019	OALDERS	Open-This	1	RnsczLDTSladlwCiP1ENBAHUjJE	false
2019-06-14T12:36:45Z	Pcore-CDN-Static-v0.46.0	ZDM	Pcore-CDN-Static	NA	iUzLeNAIdC1l__4JHAxCb8sctHw	false
2019-06-14T09:34:38Z	WWW-Form-1.20	SHLOMIF	WWW-Form	NA	ddbO_FIeBh4gheNUeRpugrUm8x8	false
2019-06-14T08:33:50Z	Net-AMQP-RabbitMQ-2.40004	MARKELLIS	Net-AMQP-RabbitMQ	NA	VnjdIqwhiilBmqBmHNoKzAH6oUM	false
2019-06-14T08:29:52Z	Pcore-Ext-v0.31.6	ZDM	Pcore-Ext	NA	_XOttJjIdjASRVwG_zH581kx3h4	false
2019-06-14T08:26:05Z	Pcore-Ext-v0.31.5	ZDM	Pcore-Ext	NA	w1YCh41ms9xxXXex7gwxtzC0u_M	false
2019-06-14T08:21:58Z	Mozilla-IntermediateCerts-v0.0003	RNEWSHAM	Mozilla-IntermediateCerts	NA	FTNxPRGEBhaPDyMjDranI5X2DDk	false
2019-06-14T08:15:34Z	Pcore-Ext-v0.31.4	ZDM	Pcore-Ext	NA	Qq5rwEhj2_pvR5E854RxFYZfcok	false
2019-06-14T07:02:30Z	Pcore-Ext-v0.31.3	ZDM	Pcore-Ext	NA	2MB2lmevFgwnj_ZgeQtKYkSWNeY	false
2019-06-14T07:01:03Z	CryptX-0.064	MIK	CryptX	NA	KE4q0PLovzTfd2EqdriLU_3iUMI	false
2019-06-14T06:45:02Z	WWW-Mechanize-Chrome-0.33	CORION	WWW-Mechanize-Chrome	1	LsPmEXCItuI9py1YunEB0zdHhYY	false
2019-06-14T05:43:16Z	Pcore-Ext-v0.31.2	ZDM	Pcore-Ext	NA	b4QoMZ5cCA8lVIvKJ8F_8B3aLFg	false
2019-06-14T05:28:37Z	Pcore-Ext-v0.31.1	ZDM	Pcore-Ext	NA	33qsVm_joIvI7dfgZJKIjbIDjl0	false
2019-06-14T05:19:51Z	Pcore-v0.91.1	ZDM	Pcore	NA	dD4lmA1fzQbYVJ_fTRrSYOFRLWs	false
2019-06-14T05:18:25Z	Pcore-Ext-v0.31.0	ZDM	Pcore-Ext	NA	EmLfADxewC4YeLE7DSfF4YyW_lo	false
2019-06-14T04:24:36Z	CBOR-Free-0.09	FELIPE	CBOR-Free	NA	foIWIgCmgkg8jgZRewmtyFs29Pw	false
2019-06-14T03:39:20Z	Yancy-1.032	PREACTION	Yancy	NA	7ITMqgCsJHzs6aE0UgVPjXADeQw	false
2019-06-14T03:17:40Z	Geo-WebService-Elevation-USGS-0.112_01	WYANT	Geo-WebService-Elevation-USGS	NA	ONrsZ6ijG2BYT0ZBzerOeODQDiA	false
2019-06-14T03:17:29Z	CBOR-Free-0.09_02	FELIPE	CBOR-Free	NA	WRwZFP0YFIpHTa7L7GFbEkbiKrM	false
2019-06-14T02:18:34Z	XML-SAX-1.02	GRANTM	XML-SAX	NA	NxRfjC7y5DLoRQLBpDivsF2MT3c	false
2019-06-14T01:25:18Z	App-AlgorithmBackoffUtils-0.003	PERLANCAR	App-AlgorithmBackoffUtils	1	LNAMiOn9RWf4eYpcGjJHaBYkbVY	false
2019-06-13T21:15:22Z	Web-Mention-0.702	JMAC	Web-Mention	1	0FS_a2qAAvBa3d7p_ZbwTPeTUr4	false
2019-06-13T20:32:12Z	MarpaX-ESLIF-ECMA404-0.012	JDDPAUSE	MarpaX-ESLIF-ECMA404	NA	yyYwHdke2v6UcXIAIRCpC2aq3sM	false
2019-06-13T20:24:58Z	App-KGB-1.55	DAM	App-KGB	NA	5cE7tZ0ykszhr8lZvxYPCZL__jo	false
2019-06-13T20:18:22Z	XXX-0.33	TINITA	XXX	NA	kQsRAknX2gzicWZBVRcpIqfx0vM	false
2019-06-13T19:54:54Z	MarpaX-ESLIF-3.0.12	JDDPAUSE	MarpaX-ESLIF	NA	ME_vQxIR1AZ473Bc4aMYt8b6FmA	false
2019-06-13T19:15:26Z	Ouroboros-0.14	VYF	Ouroboros	NA	B8o857qCARsMDmiET2BvRQU2nGY	false
2019-06-13T18:00:46Z	DateTime-Calendar-FrenchRevolutionary-0.15	JFORGET	DateTime-Calendar-FrenchRevolutionary	NA	YH9iJQZ0z9_Vpdg6eJVpoJC6_rM	false
2019-06-13T16:57:13Z	Udev-FFI-0.104002	ILUX	Udev-FFI	0	_FP_BGYRpAOJEpESWe3IhBOBXeA	false
2019-06-13T16:29:12Z	Syntax-Keyword-Try-0.10	PEVANS	Syntax-Keyword-Try	NA	Gv6Yc8hBkygGFB74SqFTHGMpuvs	false
2019-06-13T14:57:40Z	Mail-Box-IMAP4-3.007	MARKOV	Mail-Box-IMAP4	NA	CJ5_dinV0YypRsoxweiBJ6lawKY	false
2019-06-13T14:42:00Z	FASTX-Abi-0.08	PROCH	FASTX-Abi	NA	vEqaUadQ4BI5mwMVepuqPhqqiAc	false
2019-06-13T13:43:33Z	Future-0.41	PEVANS	Future	NA	zN6Cj_fVBQoX_BXYhiZvOexFGbk	false
2019-06-13T13:39:26Z	Mozilla-IntermediateCerts-v0.0002	RNEWSHAM	Mozilla-IntermediateCerts	NA	hbLkJnm1Zxn9qCJ_Tk2RQkt1WtQ	false
2019-06-13T12:57:30Z	Mozilla-IntermediateCerts-v0.0001	RNEWSHAM	Mozilla-IntermediateCerts	NA	ErDPNZHVNuY4ww9E2sFGNfkmGxM	true
2019-06-13T12:50:42Z	DNS-Unbound-0.08	FELIPE	DNS-Unbound	NA	BbWTXQgSJQOvhpoVjcelwvqoMC4	false
2019-06-13T12:40:19Z	FASTX-Abi-0.06	PROCH	FASTX-Abi	NA	9WEmABJ62smGC_7wDfYVGV6X3_g	false
2019-06-13T11:38:15Z	ISO-639_1-0.03	LDIDRY	ISO-639_1	1	9Zwz58hhdJpOSR_vW1ZnQHmMAH8	false
2019-06-13T11:20:16Z	Test-Strict-0.49	MANWAR	Test-Strict	NA	mke6Ik5_uuqTHmOpDeWTrmY3v0o	false
2019-06-13T09:50:27Z	Net-AMQP-RabbitMQ-2.40003	MARKELLIS	Net-AMQP-RabbitMQ	NA	gZxyRLGrIdfREouBAhreAc_AgUc	false
2019-06-13T09:37:34Z	Linux-Capabilities-0.01	AINFERNO	Linux-Capabilities	NA	pX5wadNk1gkD61aicE6lpV6fWHw	true
2019-06-13T09:19:40Z	Linux-Capabilities-0.2	AINFERNO	Linux-Capabilities	NA	Rk13r1ELFfzQj18BVZ9fGe_MfEo	false
2019-06-13T09:14:20Z	Linux-Capabilities-0.1	AINFERNO	Linux-Capabilities	NA	N1719vzAApdIUM__xq4Yb3b1MhY	false
2019-06-13T08:57:25Z	App-HomeBank2Ledger-0.003	CCM	App-HomeBank2Ledger	NA	MljBNpZu2rnD1R4YwmT02ZB1KQU	false
2019-06-13T08:49:11Z	MToken-1.01	ABALAMA	MToken	NA	REMlphrivqsG2j7ToFrhbAYfZI0	false
2019-06-13T07:44:37Z	Mojo-AsyncList-0.02	JHTHORSEN	Mojo-AsyncList	NA	1qwcQlDSEdlHT75GpD5r1gTOeMw	false
2019-06-13T05:40:18Z	App-HomeBank2Ledger-0.002	CCM	App-HomeBank2Ledger	NA	YzUUqKcSHRQ3vU_l4f8dLss8VLU	true
2019-06-13T04:55:42Z	homebank2ledger-0.001	CCM	homebank2ledger	NA	qOlJRP8tNZm2Z9PIZ5wmBqPK4Zc	true
2019-06-13T04:01:10Z	WordList-HTTP-UserAgentString-PERLANCAR-0.002	PERLANCAR	WordList-HTTP-UserAgentString-PERLANCAR	1	uLs7fDaEd_VXqd5BIbcYp7cCILk	false
2019-06-13T01:45:24Z	App-swcat-0.013	PERLANCAR	App-swcat	1	QidonAWs56sBXqSESsPCHh6actk	false
2019-06-13T01:45:13Z	App-lcpan-1.033	PERLANCAR	App-lcpan	1	DO_UFX_G_FgjQH90kvD7CMowMjY	false
2019-06-13T00:00:18Z	Test-FITesque-RDF-0.007	KJETILK	Test-FITesque-RDF	1	I6rILjxeevvYPNrdsji_BCLo_Ko	false
2019-06-12T23:12:09Z	CryptX-0.063_005	MIK	CryptX	NA	_rMwhRDUmCyYol5A8mGl4KAFiCs	false
2019-06-12T23:09:20Z	Array-Circular-0.006	ZARQUON	Array-Circular	NA	yyduKVWg1BYAF_xzG23eJx18_D0	false
2019-06-12T22:19:53Z	Task-CPANAuthors-Regional-1.002	BOOK	Task-CPANAuthors-Regional	NA	FNJarj0qskvgg_nZJ5GAkNRfMnI	false
2019-06-12T21:42:26Z	App-GHPT-1.000011	DROLSKY	App-GHPT	NA	3w94kkTALkcP4Tk4gMrpVH_ydD4	false
2019-06-12T20:47:45Z	Udev-FFI-0.104001	ILUX	Udev-FFI	0	SsVf4vXMx9VZx8tBqSecgB57Ec0	false
2019-06-12T20:08:23Z	Test-Taint-1.08	PETDANCE	Test-Taint	NA	XnnMx39BX0Qgh14dYoLMJfXG3LU	false
2019-06-12T16:51:28Z	FASTX-Reader-0.50	PROCH	FASTX-Reader	NA	xb78K2uJXpkjw2BYiF4wvNLT24E	false
2019-06-12T15:59:24Z	IO-Async-0.73	PEVANS	IO-Async	NA	BxRr4eWnensOqZsZUFF1JXWFKRE	false
2019-06-12T15:17:23Z	LWP-ConsoleLogger-0.000042	OALDERS	LWP-ConsoleLogger	1	GcJ9Vn4omYGyt2o1nkuTLyiquuc	false
2019-06-12T15:03:09Z	Task-Calendar-0.41	MANWAR	Task-Calendar	NA	xspK1P81LhTx8nWdHNxssQtJKUg	false
2019-06-12T14:56:32Z	FASTX-Reader-0.40	PROCH	FASTX-Reader	NA	sqIOvzlNe1dn0FDPWGrWMNwSM7s	false
2019-06-12T14:47:25Z	App-Licensecheck-v3.0.37	JONASS	App-Licensecheck	NA	3qdh5NOANDUYUVS1fKIn1M50eHI	false
2019-06-12T14:45:24Z	Mail-Box-IMAP4-3.006	MARKOV	Mail-Box-IMAP4	NA	n53CnC_BQYnbBv8b1MlUc2uVu5E	false
2019-06-12T13:40:49Z	RT-Extension-QuickAssign-1.01	BPS	RT-Extension-QuickAssign	NA	khngfNAoIefUvV2dn7AcFvFOAew	false
2019-06-12T13:38:56Z	Udev-FFI-0.104000	ILUX	Udev-FFI	0	cxHv83IZxPEZHW_LbI_FmZUrCJ0	false
2019-06-12T13:37:29Z	FASTX-Reader-0.32	PROCH	FASTX-Reader	NA	xV57f_o6LgR_aZJNToUhY3EM3a0	false
2019-06-12T13:33:28Z	CryptX-0.063_004	MIK	CryptX	NA	MHxktqklNIGYlV6931tvut_38P0	false
2019-06-12T13:32:01Z	Tinkerforge-2.1.23	ISHRAQ	Tinkerforge	NA	_q_FcW7A6iNOYrkpBeSAMmJNZtY	false
2019-06-12T13:14:04Z	Test-DirectoryLayout-0.002	GGOLDBACH	Test-DirectoryLayout	NA	KBWK2fB4S1mdkuKifRxhGa4tZ1s	false
2019-06-12T13:07:13Z	Selenium-Remote-Driver-1.32	TEODESIAN	Selenium-Remote-Driver	NA	VT7mdKPJP53rVuuzYK6oUjDSdL0	false
2019-06-12T12:59:07Z	DBIx-Class-EncodedColumn-0.00016	WREIS	DBIx-Class-EncodedColumn	NA	rCeEd9HXkhMpOL7nB4ZNYz1_14g	false
2019-06-12T12:37:18Z	LWP-ConsoleLogger-0.000041	OALDERS	LWP-ConsoleLogger	1	IARgxGu5szzZRZ2cyYnCkx4513s	false
2019-06-12T11:06:11Z	Z3-FFI-0.003	SIMCOP	Z3-FFI	NA	qdSwj4KnlYyWZRl1Wv7kyqF9q8s	false
2019-06-12T10:00:19Z	AnyEvent-YACurl-0.09_007	TVDW	AnyEvent-YACurl	NA	q4_KIND2zPuGyuq1_g1Woah4NeE	false
2019-06-12T09:48:11Z	Sys-Virt-v5.4.0	DANBERR	Sys-Virt	NA	v3xukkLAU_cf2Un9Ungal_dSvdY	false
2019-06-12T09:09:06Z	SReview-0.4.2	WOUTER	SReview	NA	e2BM9oCmStbRXEWr6zHrIgoWUuA	false
2019-06-12T09:04:20Z	Data-Password-zxcvbn-1.0.4	DAKKAR	Data-Password-zxcvbn	NA	sFnfKtjH6Wn1pkpqhoeZKtkrYMQ	false
2019-06-12T08:50:31Z	SReview-0.4.1	WOUTER	SReview	NA	M_E41lzuM67Q3_OTodfn7fP8cE0	false
2019-06-12T08:37:36Z	Regexp-Pattern-License-v3.1.94	JONASS	Regexp-Pattern-License	1	tCXMH_I8_Q_Rs1f4q49hK_ODNbg	false
2019-06-12T06:45:07Z	Bio-Palantir-0.191620	LMEUNIER	Bio-Palantir	NA	uqbNI3V_ddLJ8A9OLJiVMcATVr8	true
2019-06-12T03:31:45Z	Bundle-ExCore-0.004	MHASCH	Bundle-ExCore	NA	IA6edZZ7_TGdSAO0E6Uma72icAo	false
2019-06-12T03:28:54Z	Web-Mention-0.701	JMAC	Web-Mention	1	AOgK7dY6icr9fo3bxP9hBErTnNE	false
2019-06-12T01:01:59Z	Algorithm-Backoff-0.006	PERLANCAR	Algorithm-Backoff	1	2R7Rfx5fM7KlydpQTaa5ODa6Drc	false
2019-06-12T00:24:57Z	App-AlgorithmBackoffUtils-0.002	PERLANCAR	App-AlgorithmBackoffUtils	1	lKtIzMPsrkZcmjmuZ9twSjtOkMc	false
2019-06-12T00:24:46Z	Algorithm-Backoff-0.005	PERLANCAR	Algorithm-Backoff	1	_IOKeaB5EyYxxLnK17uIollBoPo	false
2019-06-11T23:17:48Z	Number-Phone-3.5001	DCANTRELL	Number-Phone	NA	TQYjpzd29bzoYLcQuPZ_KdP0_dI	false
2019-06-11T22:25:31Z	Pg-Explain-0.79	DEPESZ	Pg-Explain	NA	RLy_f_o9DzsY36d4eIq_rs83umA	false
2019-06-11T21:51:12Z	Task-Kensho-All-0.40	DBOOK	Task-Kensho-All	NA	oqEUZlq0is8pw2JKTqy9FzeyVDk	false
2019-06-11T20:59:24Z	XML-XSH2-2.2.0	CHOROBA	XML-XSH2	NA	krYssY7ogh0Fg__DQ6TeXaLa9Q0	false
2019-06-11T20:34:00Z	Time-Zone-Olson-0.26	DDICK	Time-Zone-Olson	NA	jsKe_UYFEwxj5_9eAORAGaFoGoQ	false
2019-06-11T20:32:33Z	Syntax-Construct-1.012	CHOROBA	Syntax-Construct	NA	j5Srg1_HPeXkF3SFiIot8Txvtxw	false
2019-06-11T19:36:40Z	YAML-LibYAML-0.79	TINITA	YAML-LibYAML	NA	GrMSasB3RQWl20p4uq5icHk_hDA	false
2019-06-11T16:28:31Z	DBIx-Class-Migration-0.074	ETJ	DBIx-Class-Migration	NA	Dz17KAsv_IxOopV_O_VyhtWGzB8	false
2019-06-11T15:34:55Z	FASTX-Reader-0.31	PROCH	FASTX-Reader	NA	DS9pqVYI2KKOGoev7P4oI6DOcRE	false
2019-06-11T15:29:41Z	Image-ExifTool-11.50	EXIFTOOL	Image-ExifTool	NA	A8HdXzQ5ccyJ2PeklIXqWT_TCRc	false
2019-06-11T15:25:14Z	Search-QS-0.04	EBRUNI	Search-QS	NA	xSBCZQ2dfTP8ryXszYzzHRbbic0	false
2019-06-11T14:11:49Z	DBIx-Class-Events-0.9.2	GSG	DBIx-Class-Events	1	uXZlPasaXEJEdF0_lzxjOznEM2g	false
2019-06-11T13:46:16Z	Calendar-Saka-1.40	MANWAR	Calendar-Saka	NA	99CuNplRczPHXYvIWszZkexSsBc	false
2019-06-11T13:08:10Z	IO-Compress-Brotli-0.004_002	MGV	IO-Compress-Brotli	NA	M5GX_woovSkm5TusGD5aVg_580g	false
2019-06-11T12:16:11Z	Authen-Radius-0.30	PORTAONE	Authen-Radius	NA	7ZS_6mYEIXigoWD0cBMG_3DTLps	false
2019-06-11T09:53:28Z	Time-Zone-Olson-0.25	DDICK	Time-Zone-Olson	NA	tF3gE2ATzgKPoGVLclmXJmX_Zng	false
2019-06-11T08:57:42Z	AnyEvent-YACurl-0.09_006	TVDW	AnyEvent-YACurl	NA	AgIci4UCc2RVztvnTmegCJDFgZc	false
2019-06-11T08:20:51Z	Config-ENV-0.18	SATOH	Config-ENV	NA	SnDD8TDaaLyIVsXCNPaXBi_rdSo	false
2019-06-11T08:04:04Z	Cpanel-JSON-XS-4.12	RURBAN	Cpanel-JSON-XS	NA	cGner86OhQ7QV3WwDqxQ2n6zwVI	false
2019-06-11T07:57:30Z	Devel-PPPort-3.53_04	RURBAN	Devel-PPPort	NA	Xn8DWfEtX71YvFqChGxXQ3bJvsA	false
2019-06-11T07:50:49Z	Connector-1.27	MRSCOTTY	Connector	NA	4CnGy4MUSZig21GsGvpfJ4cr0jg	false
2019-06-11T06:44:57Z	Pcore-CDN-Static-v0.45.0	ZDM	Pcore-CDN-Static	NA	TpeZtpgk1Ycsx9nBsshN4IfwWbE	false
2019-06-11T05:12:37Z	App-jl-0.08	BAYASHI	App-jl	NA	KXdIFs2Z_lr25Mfan9CYmWlURAg	false
2019-06-11T01:24:04Z	LWP-ConsoleLogger-0.000040	OALDERS	LWP-ConsoleLogger	1	gz73qckLtONVuBeroFTB6qGBudY	false
2019-06-11T01:02:18Z	PowerManagement-Any-0.006	PERLANCAR	PowerManagement-Any	1	r_ZlKy20pDQP7Cy7skc5WKuPPzA	false
2019-06-11T01:02:07Z	Perinci-CmdLineX-CommonOptions-SelfUpgrade-0.001	PERLANCAR	Perinci-CmdLineX-CommonOptions-SelfUpgrade	1	DlzWR8gjpOWxUqwf59Un8Vc5Bto	true
2019-06-11T01:01:55Z	App-instopt-0.009	PERLANCAR	App-instopt	1	5ANQAqLQKGhdWne_fVR5mFBDOtI	false
2019-06-10T22:04:57Z	WWW-AzimuthAero-0.1	PAVELSR	WWW-AzimuthAero	NA	u2088jf_6t5wVbi2vNjAnKWSwlk	true
2019-06-10T21:55:29Z	App-CISetup-0.19	DROLSKY	App-CISetup	NA	7VohjSRhqJDWcr3dGmmzh9op5Vk	false
2019-06-10T20:21:17Z	Sim-OPT-0.395	GLBRUNE	Sim-OPT	NA	scOM71YPpBAfAAKQ8a4B4xoX8Eo	false
2019-06-10T19:20:25Z	Dist-Zilla-PluginBundle-Author-GSG-0.0.9	GSG	Dist-Zilla-PluginBundle-Author-GSG	1	B57FubUki2b3cF7e5s8ht9dNIkI	false
2019-06-10T18:57:27Z	Test2-Aggregate-0.03	DKECHAG	Test2-Aggregate	NA	eUfceUesRLPNxonclEGn5GgzbDk	false
2019-06-10T18:20:36Z	FCGI-Buffer-0.14	NHORNE	FCGI-Buffer	NA	qeG_CsH0fGTklbaUFBoEZ_SZ_3M	false
2019-06-10T17:24:53Z	CryptX-0.063_003	MIK	CryptX	NA	2iihmfQvaodbMI4nDv7WVClmVkk	false
2019-06-10T17:13:15Z	FASTX-Reader-0.20	PROCH	FASTX-Reader	NA	5H8w4FZgZxkuT9pZd_ru9bgFuPQ	false
2019-06-10T17:07:54Z	Open-This-0.000018	OALDERS	Open-This	1	1rh_PLyYnRzf3wG0lrMz2gAIKbo	false
2019-06-10T16:52:26Z	Sub-Prototype-0.03	ETHER	Sub-Prototype	NA	9NMo9pBGwBgLd3JMSpkKRXOUtxs	false
2019-06-10T16:45:34Z	Config-Model-OpenSsh-v2.7.9.1	DDUMONT	Config-Model-OpenSsh	NA	ACAm5mXKuHg__lF3IEz_32rGxj0	false
2019-06-10T16:24:46Z	Calendar-Persian-0.41	MANWAR	Calendar-Persian	NA	KFdG1lrZnldwjyTes0usoTGYDjY	false
2019-06-10T15:15:08Z	Test2-Aggregate-0.02	DKECHAG	Test2-Aggregate	NA	wYOx_YrgWtmVR6TRC6gclY_CGJs	false
2019-06-10T13:34:16Z	SemVer-V2-Strict-0.17	PINE	SemVer-V2-Strict	1	tYN5o3cSu3l5bqlNOszZJVSiGV4	false
2019-06-10T13:10:00Z	Net-AMQP-RabbitMQ-2.40002	MARKELLIS	Net-AMQP-RabbitMQ	NA	720xOp1aNTy3Ihij9tI9DEKlUO8	false
2019-06-10T11:10:47Z	YAML-LibYAML-0.78_002	TINITA	YAML-LibYAML	NA	1Fz_gBOQsZJkM0C6JEVrkXDOWzI	false
2019-06-10T10:27:42Z	XXX-0.32_001	TINITA	XXX	NA	9X1S_6KbLPq3Cu18HFUXGkteeQY	false
2019-06-10T10:17:09Z	Search-QS-0.03	EBRUNI	Search-QS	NA	H1_aQUVph0BEhl6EOtGZRuTkaAg	false
2019-06-10T09:27:23Z	Sim-OPT-0.393	GLBRUNE	Sim-OPT	NA	leSYRUwauYcziKSxGRFZHRyyh4I	false
2019-06-10T09:05:19Z	Sim-OPT-0.389	GLBRUNE	Sim-OPT	NA	AxORs_Ief_ExuywKl8vSPGrEY_I	false
2019-06-10T08:23:08Z	Apache-Tika-Async-0.08	CORION	Apache-Tika-Async	1	SYa1tbq92rOH28rKLRRV84Q4kIo	false
2019-06-10T07:13:53Z	SPVM-0.0437	KIMOTO	SPVM	NA	9YBtIKTm9uwDcLJcfpLJ0C2gV6c	false
2019-06-10T06:09:17Z	Role-Random-PerInstance-0.04	OVID	Role-Random-PerInstance	NA	6UrnqINBZ_HSkEZ_njHAwixyFs0	false
2019-06-10T02:50:43Z	Text-Parser-0.920	BALAJIRAM	Text-Parser	NA	XLIkY_wW_MLYEUIbs1dPYMGxk5k	false
2019-06-10T02:34:03Z	Dist-Zilla-Plugin-GitHubREADME-Badge-0.28	FAYLAND	Dist-Zilla-Plugin-GitHubREADME-Badge	1	OYTJyKgtds9Z5YFKIMDnDkzjrA4	false
2019-06-10T01:47:00Z	Regexp-Pattern-0.2.9	PERLANCAR	Regexp-Pattern	1	jkNmXJKiTnSJUKulAk9JHPmwACc	false
2019-06-10T01:46:49Z	HTTP-Tiny-Patch-LogGer-0.003	PERLANCAR	HTTP-Tiny-Patch-LogGer	1	hbiTp5Hz9CabUubFUFgUEGO8jQ8	false
2019-06-10T01:46:38Z	App-CSVUtils-0.023	PERLANCAR	App-CSVUtils	1	WUMIVKaBgwMvbcMilAgvTwjwhTw	false
2019-06-09T23:57:59Z	Astro-UTDF-0.007_01	WYANT	Astro-UTDF	NA	s7SeTKP20UEqr95rf_vQwV_R_9g	false
2019-06-09T23:13:20Z	DNS-Unbound-0.07	FELIPE	DNS-Unbound	NA	oZfkgUPuWaSvhO60KRzDuVM8Fk0	false
2019-06-09T22:07:12Z	OpenTracing-0.002	TEAM	OpenTracing	NA	7lis_gyrny_O_s3I3MWWIZePmdo	false
2019-06-09T22:03:08Z	Net-Async-OpenTracing-0.001	TEAM	Net-Async-OpenTracing	NA	FZe1bkI09Tc0TPzZSN2AObNJBVc	true
2019-06-09T21:43:40Z	OpenTracing-0.001	TEAM	OpenTracing	NA	cU1tp4OGnozeffVR3hu7Nr2VBVc	true
2019-06-09T21:23:13Z	Syntax-Construct-1.011	CHOROBA	Syntax-Construct	NA	RayCcUsvPNSyUC0Y3mu_miQyv8w	false
2019-06-09T21:12:51Z	Syntax-Construct-1.010	CHOROBA	Syntax-Construct	NA	_FD1mrZvPlJlA5FJkYun1Unew8E	false
2019-06-09T20:37:11Z	Slovo-2019.06.09	BEROV	Slovo	NA	W6vs1EsqQ5VkEHTV2HJ8arWgyVM	false
2019-06-09T18:51:26Z	Database-Async-0.008	TEAM	Database-Async	NA	YDEOYrBC_aMuHwXa0kYo7GzCw50	false
2019-06-09T17:30:13Z	App-MigrateModules-0.003	DBOOK	App-MigrateModules	NA	MkPMwD2cmb9ws6SLyE94kIbmpi4	false
2019-06-09T16:13:03Z	Devel-PPPort-3.52_04	RURBAN	Devel-PPPort	NA	SVREFAxzHItVSDDXsw3LCPC01L0	false
2019-06-09T15:49:53Z	DBIx-Class-Sims-0.401000	RKINYON	DBIx-Class-Sims	NA	lpoNBpjxQJ6iSMfaS1wDyQgPgQo	false
2019-06-09T15:21:57Z	Pcore-Ext-v0.30.4	ZDM	Pcore-Ext	NA	5Rdsjp1Nm94vlPEVtNdITN6YuF8	false
2019-06-09T14:21:24Z	Chart-GGPlot-0.0005	SLOYD	Chart-GGPlot	NA	iRVIxmq4g3d7DuBPNrhxSbopNHM	false
2019-06-09T13:55:32Z	Pcore-v0.91.0	ZDM	Pcore	NA	LFcRwYwYAfYa8IpECYv2cSqK2BQ	false
2019-06-09T13:45:09Z	MarpaX-ESLIF-ECMA404-0.011	JDDPAUSE	MarpaX-ESLIF-ECMA404	NA	OB_wImekGd1QdvGY53AgGjWUyYk	false
2019-06-09T13:40:40Z	MarpaX-ESLIF-3.0.11	JDDPAUSE	MarpaX-ESLIF	NA	5sSQ4tL2c4c_Xg2D0_vygq3iTLc	false
2019-06-09T13:34:08Z	App-pcorelist-0.001_001	TINITA	App-pcorelist	NA	jXEcz1T8T6R6ZXk1wSYpRpRI3Jo	false
2019-06-09T13:17:54Z	App-Spec-0.009	TINITA	App-Spec	NA	nRUee0c2_74t5LB3ReDsimfXUfE	false
2019-06-09T13:17:43Z	DNS-Unbound-0.07_03	FELIPE	DNS-Unbound	NA	D1VI0zXAkYTAyHJSm_PYHL__ozY	false
2019-06-09T12:22:04Z	Pcore-Ext-v0.30.3	ZDM	Pcore-Ext	NA	h8psY8pJpKGPMitvs1eFmDjfW5Y	false
2019-06-09T12:01:39Z	App-Spec-0.008_001	TINITA	App-Spec	NA	0jfZvDxczvr06NLnFATMg2mxec0	false
2019-06-09T09:40:10Z	Role-Random-PerInstance-0.03	OVID	Role-Random-PerInstance	NA	C8_k_hpqF4vbbyU3BP9s_HCmsY8	false
2019-06-09T08:41:37Z	Role-Random-PerInstance-0.02	OVID	Role-Random-PerInstance	NA	l47n4xbxtsFNtWgrdvFvGStrWZQ	false
2019-06-09T08:27:06Z	Feersum-1.407	AUDREYT	Feersum	NA	p9pnnQvUBffjmJ5CE6nEgSb1fVo	false
2019-06-09T06:59:46Z	App-PowerManagementUtils-0.002	PERLANCAR	App-PowerManagementUtils	1	g6gyS3wFU72_oaUcCNgQ6dL8xV8	false
2019-06-09T06:45:19Z	PowerManagement-Any-0.005	PERLANCAR	PowerManagement-Any	1	Kmj8JHRNYb0BQW0C4vHTCSr53d8	false
2019-06-09T05:48:20Z	CPAN-2.27-TRIAL2	ANDK	CPAN	NA	QxCJY5K70GcKOXlpt4l4ZR9wvT4	false
2019-06-09T05:31:40Z	App-MediaInfo-0.123	PERLANCAR	App-MediaInfo	1	GroX5Q_aPTLoN0wJt4AlAUe9m3M	false
2019-06-09T05:30:13Z	App-ImageInfoUtils-0.003	PERLANCAR	App-ImageInfoUtils	1	V4BQvJLm7CnJfQwSE6PT09Dx27I	false
2019-06-09T05:30:02Z	App-jl-0.07	BAYASHI	App-jl	NA	fLIuhgc21Gavmijnmk6gnYqSK2Y	false
2019-06-09T05:25:55Z	App-ImageInfoUtils-0.002	PERLANCAR	App-ImageInfoUtils	1	iQPnymKGtOcsn18rLFd26mswfQ0	false
2019-06-09T05:23:04Z	Calendar-Julian-0.12	MANWAR	Calendar-Julian	NA	e8HH2yaPdx6lf0qxUfer5lyuVNk	false
2019-06-09T05:12:38Z	App-MediaInfo-0.122	PERLANCAR	App-MediaInfo	1	b_vU8r_PiseCugl_PVV4tOp0_3Q	false
2019-06-09T04:05:28Z	App-MediaInfo-0.121	PERLANCAR	App-MediaInfo	1	cjrWgKPYN1rmuEC_aPc6mjW2fPg	false
2019-06-09T03:42:17Z	DNS-Unbound-0.07_02	FELIPE	DNS-Unbound	NA	L7ba7lhTZnHrPXgksknSidBV_tI	false
2019-06-09T02:15:51Z	PDF-Cairo-1.04	JGREELY	PDF-Cairo	NA	6iQB7qOVXZDPvYIZp4B_LamaWH8	false
2019-06-09T00:38:25Z	Bencher-Scenario-FileWhichCached-0.001	PERLANCAR	Bencher-Scenario-FileWhichCached	1	3Efxbve5uf6PE_Sc9H3g5qoQrKg	true
2019-06-08T22:20:13Z	Test2-Harness-UI-0.000002	EXODIST	Test2-Harness-UI	NA	oMLG25L1oB3UfR5AxDQijnAQ0pk	false
2019-06-08T20:04:42Z	DBIx-QuickDB-0.000010	EXODIST	DBIx-QuickDB	NA	4H5lz6ZO7mVz9puFVxmH9jfRxcE	false
2019-06-08T15:45:26Z	NetPacket-1.7.1	YANICK	NetPacket	NA	Um_N5CY8Pg9Zrb9J9aje5O_8ylc	false
2019-06-08T15:45:15Z	Perl-Metrics-Halstead-0.0608	GENE	Perl-Metrics-Halstead	NA	lGWnB1xLUPyRAf2_QwUGmPZVE0o	false
2019-06-08T15:37:24Z	Perl-Metrics-Halstead-0.0607	GENE	Perl-Metrics-Halstead	NA	d5wskrFCc0MInJbQmd1U6XEHkeI	false
2019-06-08T15:17:23Z	App-SpreadRevolutionaryDate-0.26	GIBUS	App-SpreadRevolutionaryDate	NA	ePmo8l6CXyMbfSfUVgEbeIrcSUk	false
2019-06-08T14:55:42Z	DNS-Unbound-0.07_01	FELIPE	DNS-Unbound	NA	yS4rOK2ilfhIIchLolexJbviE28	false
2019-06-08T14:37:42Z	Regexp-Pattern-License-v3.1.93	JONASS	Regexp-Pattern-License	1	OGvgmVah5spOm1BTuKyMwbrl0Kk	false
2019-06-08T14:28:36Z	IO-ReadHandle-Include-v1.2.1	LSTROUS	IO-ReadHandle-Include	NA	s3zDa_9hJueqA_26iB4uf3Vf4NQ	false
2019-06-08T14:21:38Z	Chart-GGPlot-0.0004_02	SLOYD	Chart-GGPlot	NA	URf6UNiBa3nwdY0hktuKNSX2e1k	false
2019-06-08T14:21:28Z	Image-Synchronize-1.4.2	LSTROUS	Image-Synchronize	NA	V9vbwmCeCiLblxUxU7aCzlsgrHs	false
2019-06-08T13:45:22Z	Image-Synchronize-1.4.1	LSTROUS	Image-Synchronize	NA	2Zug0mrY73LpJsTALDU28Y6TkwA	false
2019-06-08T12:01:27Z	Sub-Data-Recursive-0.02	BAYASHI	Sub-Data-Recursive	NA	tyfuFxGmwEOkbNvCLEAwLAu_fhs	false
2019-06-08T10:52:27Z	App-SpreadRevolutionaryDate-0.25	GIBUS	App-SpreadRevolutionaryDate	NA	X2SzLKln_k0_fA11Su2h4ymyuuM	false
2019-06-08T07:59:41Z	Calendar-Hijri-0.39	MANWAR	Calendar-Hijri	NA	1czIQddv_TRJQBN9_JqjfDpNZ5M	false
2019-06-08T07:46:28Z	Image-Synchronize-1.4	LSTROUS	Image-Synchronize	NA	79PnxUKh0h86APXbubcg3E4iPpc	false
2019-06-08T07:09:37Z	Perl-Metrics-Halstead-0.0606	GENE	Perl-Metrics-Halstead	NA	zpVWLvIAvKFM_a7LJ266NQZfMB4	false
2019-06-08T05:39:49Z	Term-Form-0.513	KUERBIS	Term-Form	NA	pntVd4IWLScSyEmJelkFsz_WGUM	false
2019-06-08T05:39:38Z	Term-Choose-Util-0.073	KUERBIS	Term-Choose-Util	NA	uciytIbwlzQjr_LRp56QqpRNv80	false
2019-06-08T03:30:35Z	DNS-Unbound-0.06	FELIPE	DNS-Unbound	NA	SzUvOP5zzo8t2jzB_33O3jb2bRA	false
2019-06-08T01:11:40Z	DNS-Unbound-0.06_02	FELIPE	DNS-Unbound	NA	GivhVZeSD2xrtDAl0JwrAtnk1JA	false
2019-06-08T00:56:18Z	DNS-Unbound-0.06_01	FELIPE	DNS-Unbound	NA	XZDrY1sDQP_BdUIPwRN7hIsQUW8	false
2019-06-08T00:13:07Z	App-AlgorithmBackoffUtils-0.001	PERLANCAR	App-AlgorithmBackoffUtils	1	LbuzNYYmYWQia9c08Kx_vfyVtOk	true
2019-06-07T23:26:57Z	Test-BrewBuild-2.21	STEVEB	Test-BrewBuild	NA	llZ7qwdorKt38iv6vOvGoTVV9mA	false
2019-06-07T22:29:10Z	Novel-Robot-Packer-0.21	ABBYPAN	Novel-Robot-Packer	NA	ao5J2tWY8E3REoHYkl9rRCz7lNQ	false
2019-06-07T22:27:43Z	Novel-Robot-Parser-0.32	ABBYPAN	Novel-Robot-Parser	NA	f_mtUBMwegcIKO_B0v2cvO6oYr4	false
2019-06-07T22:27:37Z	Novel-Robot-Browser-0.22	ABBYPAN	Novel-Robot-Browser	NA	0nIt4zrdxl44YqL3_239Bv6NxAY	false
2019-06-07T22:26:10Z	Novel-Robot-0.40	ABBYPAN	Novel-Robot	NA	1093wOHURGKWxpjnlyFiopaZycE	false
2019-06-07T22:14:32Z	Crypt-OpenSSL-PKCS-Func-0.01	ABBYPAN	Crypt-OpenSSL-PKCS-Func	NA	XQvRXxTEUypWHpoYN1lV5S9Me48	true
2019-06-07T19:07:44Z	Alien-Build-1.75_01	PLICEASE	Alien-Build	NA	EUTyVMMC9_lwvC0s4iJyZxtbnoU	false
2019-06-07T16:40:58Z	CGI-Info-0.70	NHORNE	CGI-Info	NA	XJCZNtgOeJ5qVMk8vht3StmyffE	false
2019-06-07T16:17:57Z	Calendar-Hebrew-0.11	MANWAR	Calendar-Hebrew	NA	fe13uMDc3cBswzQ3Be379K4iLPY	false
2019-06-07T15:51:00Z	DNS-Unbound-0.05	FELIPE	DNS-Unbound	NA	LczWS1i66SIe81SnQmMktzBwC5Y	false
2019-06-07T15:28:03Z	DNS-Unbound-0.05_01	FELIPE	DNS-Unbound	NA	XCLvW_lA2zZNQcaC4cXalqSNL7M	false
2019-06-07T14:13:23Z	Syntax-Construct-1.009	CHOROBA	Syntax-Construct	NA	Jal40PVHK5OsS39cOisE6faaHiE	false
2019-06-07T12:42:20Z	Math-AnyNum-0.32	TRIZEN	Math-AnyNum	NA	pf2RKKSyK93dGOMHEOsTgkDZwiE	false
2019-06-07T11:06:14Z	Time-Zone-Olson-0.24	DDICK	Time-Zone-Olson	NA	KFB35x6rDbXJ1wnVUNOIlwqzFyk	false
2019-06-07T10:55:49Z	ExtUtils-MakeMaker-7.37_01	BINGOS	ExtUtils-MakeMaker	NA	iOTwsREe11izdvd_lWl4E_WTiOo	false
2019-06-07T10:27:48Z	Test-FITesque-RDF-0.006	KJETILK	Test-FITesque-RDF	1	lxvgw2bltRX3jDsFM7GakxjH3jQ	false
2019-06-07T06:41:52Z	WWW-Form-UrlEncoded-XS-0.26	KAZEBURO	WWW-Form-UrlEncoded-XS	0	9ly72_gjuqlHgwAgvwD6iyMVPAQ	false
2019-06-07T06:36:28Z	WWW-Form-UrlEncoded-0.26	KAZEBURO	WWW-Form-UrlEncoded	0	VcIaDsOMT_87f0_VJ4ZaH8d2kLU	false
2019-06-07T06:31:08Z	Cookie-Baker-XS-0.11	KAZEBURO	Cookie-Baker-XS	0	ncQfEyRVOYkhFhc_Ud18BDAPncs	false
2019-06-07T06:28:18Z	Cookie-Baker-0.11	KAZEBURO	Cookie-Baker	1	8ovvLTGwRi1MllaeGVV4NfJfV74	false
2019-06-07T06:24:13Z	Game-Theory-TwoPersonMatrix-0.2203	GENE	Game-Theory-TwoPersonMatrix	NA	Mmb2zRHvgXvAF7JwwWL_zoJDE7w	false
2019-06-07T02:45:49Z	Task-MusicBundle-0.1700	GENE	Task-MusicBundle	NA	r8Sd82eMW_iOgzpnwe8E0sr1hjY	false
2019-06-07T02:27:03Z	Yancy-1.031	PREACTION	Yancy	NA	yQb7CL9Yafdb4zxgcankQPS5zaM	false
2019-06-07T02:08:14Z	Yancy-1.030	PREACTION	Yancy	NA	qFXeUM_VrgUnJSBKw1wDuvnqR78	false
2019-06-07T01:55:07Z	App-BambooCli-v0.0.1	IVANWILLS	App-BambooCli	NA	v99YPiuEFeesc8EH6L7D8zi0DWA	true
2019-06-07T01:50:50Z	DBIx-Class-DeploymentHandler-0.002232	MMCCLIMON	DBIx-Class-DeploymentHandler	NA	R8xHqY03loi9H0HzHNm3VIxUeEA	false
2019-06-07T01:05:07Z	DBIx-Class-PassphraseColumn-0.03	ETHER	DBIx-Class-PassphraseColumn	NA	7kjddHvQcQCHgBVlgrIZ144zBic	false
2019-06-07T00:01:36Z	Algorithm-Backoff-0.004	PERLANCAR	Algorithm-Backoff	1	9bZpiYlKZJQDE6KNAq8Zikya3eE	false
2019-06-06T22:41:48Z	Algorithm-MinPerfHashTwoLevel-0.15	YVES	Algorithm-MinPerfHashTwoLevel	NA	_rIZLHcVSpWSJszUfvVwuclEvqw	false
2019-06-06T22:07:09Z	Test2-Harness-0.001077	EXODIST	Test2-Harness	NA	BUU521_w8LrAI03rAQs3rK7izJ8	false
2019-06-06T21:55:31Z	Array-Circular-0.005	ZARQUON	Array-Circular	NA	ITAP9gAL0dmXEIU8dkzFvNogNdY	false
2019-06-06T20:30:43Z	Graphics-ColorNames-v3.5.0	RRWO	Graphics-ColorNames	NA	nm9U1IVP6kZs3o7AugCrh_5Izjw	false
2019-06-06T18:15:32Z	Promises-Channel-0.02	JEFFOBER	Promises-Channel	NA	oilkZuQQpuRHna1mCXBot1G5qy0	false
2019-06-06T17:51:22Z	Remedy-ARSTools-1.23	AHICOX	Remedy-ARSTools	NA	6rRwcebX78wZ4R1_JLCoSjTckqI	false
2019-06-06T17:35:59Z	CryptX-0.063_002	MIK	CryptX	NA	EYQhX4TlBvtNOLeCIdsDQsl2HVs	false
2019-06-06T16:27:29Z	Web-Microformats2-0.501	JMAC	Web-Microformats2	1	nWza8ztjaHcWp3p1WSZCznFrGxM	false
2019-06-06T16:05:16Z	MySQL-ORM-0.10	GRAVATTJ	MySQL-ORM	NA	XpUJ9Rj3R_eBuh_z0_IJ6KHje_E	false
2019-06-06T15:48:30Z	Calendar-Gregorian-0.21	MANWAR	Calendar-Gregorian	NA	A5IK2jkrqZcetVu9xLX6xmuMmOM	false
2019-06-06T15:40:27Z	Search-QS-0.02	EBRUNI	Search-QS	NA	3MFwyV7gWafgpSbnziK4DRE_tkY	false
2019-06-06T15:19:58Z	RPi-OLED-SSD1306-128_64-2.3603	STEVEB	RPi-OLED-SSD1306-128_64	NA	FW7T5wJBnbI3TK_T_LolmzmEPZo	false
2019-06-06T14:53:55Z	MySQL-Util-0.40	GRAVATTJ	MySQL-Util	NA	EEm3Oj10kolvaUR_Dt8GuU0RxsA	false
2019-06-06T14:48:35Z	Test2-Aggregate-0.01	DKECHAG	Test2-Aggregate	NA	cz2B4K7bUSV_C8VV_YfoqnLCpKQ	true
2019-06-06T14:44:30Z	Game-PlatformsOfPeril-0.03	JMATES	Game-PlatformsOfPeril	NA	nMEp_qWEh_c542dwYnRpfUDUV_M	false
2019-06-06T13:13:31Z	App-hopen-0.000012-TRIAL	CXW	App-hopen	NA	BVI66ywbG8OTrMKPn0TM9xWEviM	false
2019-06-06T12:21:03Z	Proch-N50-0.20	PROCH	Proch-N50	NA	u4paFjcXgiohCeeQwT_Q0umnbdU	false
2019-06-06T11:16:23Z	Pcore-CDN-Static-v0.44.0	ZDM	Pcore-CDN-Static	NA	Utiuj85fob9_tst_npLmySJQyLQ	false
2019-06-06T11:00:58Z	Time-Zone-Olson-0.23	DDICK	Time-Zone-Olson	NA	UwCExYPFzUpJhWIOjaDkXiCqVd0	false
2019-06-06T09:36:14Z	CryptX-0.063_001	MIK	CryptX	NA	RovDbYOitl5nhaLiYXr0JQtNvSM	false
2019-06-06T08:11:29Z	SMS-Send-CZ-Axima-1.000	RADIUSCZ	SMS-Send-CZ-Axima	NA	EKvv5iWYrgBZQL9lSGsHQzVPSSY	true
2019-06-06T05:30:20Z	Pcore-v0.90.6	ZDM	Pcore	NA	JpR4WUsgNP1ywQOpHmw4UDlUJFU	false
2019-06-06T05:25:24Z	Yancy-1.029	PREACTION	Yancy	NA	7hBiVWOQBpuLFijPZtZK_ViFiyk	false
2019-06-06T01:39:27Z	Game-Theory-TwoPersonMatrix-0.2202	GENE	Game-Theory-TwoPersonMatrix	NA	4BFj2CjP9VVolLV_74XAw4CRh7M	false
2019-06-06T00:43:42Z	Game-Theory-TwoPersonMatrix-0.2201	GENE	Game-Theory-TwoPersonMatrix	NA	MGnPrLpAYlKG8XPyuDIZmCg7zyo	false
2019-06-06T00:24:27Z	WWW-PAUSE-Simple-0.444	PERLANCAR	WWW-PAUSE-Simple	1	LDuL6B9uPU5miWoZlkM47XBtmP0	false
2019-06-06T00:24:16Z	App-pause-Unpacked-0.490	PERLANCAR	App-pause-Unpacked	1	ANlEpR5an4E14_IqE8pmAosjyfM	false
2019-06-06T00:24:05Z	App-pause-0.652	PERLANCAR	App-pause	1	L3E05bRl_F8OxomVw_ZRN_2NgLQ	false
2019-06-05T22:50:28Z	RPi-OLED-SSD1306-128_64-2.3602	STEVEB	RPi-OLED-SSD1306-128_64	NA	Iv3cOA6e0_mZetwjqjsmx0qiiUc	false
2019-06-05T22:43:50Z	RPi-OLED-SSD1306-128_64-2.3601	STEVEB	RPi-OLED-SSD1306-128_64	NA	gVsgLuCv91jrAqR841XKxc_GxUw	true
2019-06-05T21:56:04Z	SPVM-0.0436	KIMOTO	SPVM	NA	L4obwCg9bAxwJH8MOfTJGe8Nmg8	false
2019-06-05T19:06:44Z	Travel-Status-DE-IRIS-1.27	DERF	Travel-Status-DE-IRIS	NA	JMnDi0c0TFoViP0YMwgV18W_sHo	false
2019-06-05T18:13:27Z	Pcore-CDN-Static-v0.43.0	ZDM	Pcore-CDN-Static	NA	9S32GIS0rpCHc5s_zriR2Hp0RCQ	false
2019-06-05T18:11:33Z	OSPF-LSDB-1.11	BLUHM	OSPF-LSDB	NA	xbvUr3pne8W8SFlIZb_d6z29ulE	false
2019-06-05T17:53:37Z	Game-Theory-TwoPersonMatrix-0.2200	GENE	Game-Theory-TwoPersonMatrix	NA	ZeOFCcWzWEqxBDrLEJGkCpi8o4g	false
2019-06-05T17:21:24Z	Config-Model-2.135	DDUMONT	Config-Model	NA	E95hN88Q_bmr_NBqUBvA_m18m38	false
2019-06-05T17:18:35Z	Game-Theory-TwoPersonMatrix-0.2105	GENE	Game-Theory-TwoPersonMatrix	NA	RAt3QYljZigHs3qHdnQN9nU8jrc	false
2019-06-05T16:58:19Z	Pcore-Ext-v0.30.2	ZDM	Pcore-Ext	NA	kVzry_iafO2Qc9xjustQF__aGmk	false
2019-06-05T15:54:59Z	Astro-SpaceTrack-0.130	WYANT	Astro-SpaceTrack	NA	gAJd8VVmQ23EspDR6Wcg07yWzjM	false
2019-06-05T15:28:07Z	Calendar-Bahai-0.52	MANWAR	Calendar-Bahai	NA	Y0mADNii3_bNdJbAJmd_Hfv9Xcc	false
2019-06-05T13:59:08Z	Mail-Box-IMAP4-3.005	MARKOV	Mail-Box-IMAP4	NA	lLC8swA9ljfhOya1U0K3RmohQ9U	false
2019-06-05T13:47:23Z	HTML-Spelling-Site-0.4.0	SHLOMIF	HTML-Spelling-Site	NA	FSf8eZdbnghHogxpKA9nDyR7nu4	false
2019-06-05T12:57:50Z	Paubox_Email_SDK-1.1	VIGHNESH	Paubox_Email_SDK	NA	XtvKDQTKZe_X_dQCtU3OtTPCvZQ	false
2019-06-05T12:42:18Z	RPC-Switch-Client-0.14	WIEGEROP	RPC-Switch-Client	NA	dYMMdVYWL9izEeS6n8q8R1KCCnU	false
2019-06-05T12:38:11Z	JSON-RPC2-TwoWay-0.04	WIEGEROP	JSON-RPC2-TwoWay	NA	GZBql7vE9LS42FompA1dpHN7tVg	false
2019-06-05T11:15:58Z	Time-Zone-Olson-0.22	DDICK	Time-Zone-Olson	NA	UD7ZvOAjy3dcKMIcGZ03l_AmS4A	false
2019-06-05T09:58:36Z	Search-ESsearcher-0.3.1	VVELOX	Search-ESsearcher	NA	Aiz8n8D_Xmw5wIxCe_4sURLYatA	false
2019-06-05T09:42:41Z	Catmandu-DBI-0.09	NICS	Catmandu-DBI	0	q3hCEeT067N9PyUynN2189hU8Qs	false
2019-06-05T09:15:58Z	Catmandu-DBI-0.08_01	NICS	Catmandu-DBI	0	njDBGEMYgLvlxrWAUKmeStgPHBE	false
2019-06-05T08:30:05Z	Search-QS-0.01	EBRUNI	Search-QS	NA	IxEq3DDjvIC0Vu7dhdMjrASWUTY	true
2019-06-05T08:19:34Z	App-PhotoDB-0.06	JGAZELEY	App-PhotoDB	NA	sIHHXQHWsNZDQ4a22pzXYvNHw88	false
2019-06-05T08:15:36Z	Pcore-v0.90.5	ZDM	Pcore	NA	G5S_YyT0ajBHhwPGrri20RUrciw	false
2019-06-05T08:05:45Z	Number-Phone-JP-0.20190521	TANIGUCHI	Number-Phone-JP	NA	Renyj04o2UN4xOtBE2c_UI7h03A	false
2019-06-05T07:41:20Z	Amazon-S3-Thin-0.24	DQNEO	Amazon-S3-Thin	1	O5Uj_8sGMvXA8ly_HveutCA4Bhg	false
2019-06-05T06:47:32Z	Pcore-v0.90.4	ZDM	Pcore	NA	UQfQJH1qly1qpzOSwnzpVkQAiuc	false
2019-06-05T06:46:05Z	Pcore-Ext-v0.30.1	ZDM	Pcore-Ext	NA	tLMZT_NAufJST7RFpyxxQ6YiwxQ	false
2019-06-05T06:26:39Z	Search-ESsearcher-0.3.0	VVELOX	Search-ESsearcher	NA	iUmZCYcyYbEbGA4xjIhr8tKm6cs	false
2019-06-05T05:52:30Z	Pcore-Ext-v0.30.0	ZDM	Pcore-Ext	NA	fW_LiUepogXPFDILWCxB3gfWqqc	false
2019-06-05T05:27:41Z	Pcore-v0.90.3	ZDM	Pcore	NA	oxGj2sSNc8BYzOiNfTrvkUtQiOk	false
2019-06-05T04:36:33Z	Pcore-v0.90.2	ZDM	Pcore	NA	hWpTCD8Zj4WzhkztlhZ830nu_F4	false
2019-06-05T04:19:53Z	JIRA-REST-OAuth-1.02	SCHOBES	JIRA-REST-OAuth	NA	ZBP96Lxeud98hSIgem7MXMstB_Q	false
2019-06-05T03:03:37Z	Pcore-v0.90.1	ZDM	Pcore	NA	w_RoCg9tMlTfJM0YxkRWu3PlBCo	false
2019-06-05T02:00:06Z	DBIx-Class-Sims-0.400000	RKINYON	DBIx-Class-Sims	NA	D6_EvRQpQlqZEQxzdlzBTY2PEXY	false
2019-06-05T00:29:00Z	App-swcat-0.012	PERLANCAR	App-swcat	1	gOpHUZzBbV95c3ld7CkNIDa0qJM	false
2019-06-04T23:38:17Z	Game-Theory-TwoPersonMatrix-0.2104	GENE	Game-Theory-TwoPersonMatrix	NA	JsZ6TyDau2P37lDukerOy6brrQY	false
2019-06-04T23:19:04Z	Game-Theory-TwoPersonMatrix-0.2103	GENE	Game-Theory-TwoPersonMatrix	NA	BpCZaUy7CIdWCJ6c3t6kFaldyeI	false
2019-06-04T22:13:10Z	Z3-FFI-0.002	SIMCOP	Z3-FFI	NA	ot2ymjpj38bO99LM56jpsXJ6fsM	false
2019-06-04T22:05:19Z	Game-Theory-TwoPersonMatrix-0.2102	GENE	Game-Theory-TwoPersonMatrix	NA	t2UlG8UWKYmaP_pu5nWyqqApi7I	false
2019-06-04T21:24:41Z	Time-Zone-Olson-0.21	DDICK	Time-Zone-Olson	NA	NZh5fJLfDzIn36rzQquDyLpHe54	false
2019-06-04T20:52:54Z	JIRA-REST-OAuth-1.01	SCHOBES	JIRA-REST-OAuth	NA	UtW_Ht2h6Iet1NZaqJmY7uUfudM	false
2019-06-04T20:42:31Z	JIRA-REST-OAuth-1.00	SCHOBES	JIRA-REST-OAuth	NA	HDg58Oe_gnoeEAg1VsrAePbvJzA	true
2019-06-04T20:07:00Z	Pcore-Ext-v0.29.0	ZDM	Pcore-Ext	NA	NVxqkNqWOtek4cN6Pura_whlRY4	false
2019-06-04T19:55:21Z	Future-AsyncAwait-0.27	PEVANS	Future-AsyncAwait	NA	KRkVuV8b7nzmdHcGkD7cBWxvvG4	false
2019-06-04T19:29:46Z	Quiq-1.145	FSEITZ	Quiq	NA	P172MZqFkGr81eF6_vC6IC7Mv44	false
2019-06-04T18:41:05Z	Quiq-1.144	FSEITZ	Quiq	NA	lCAAJqBMCpssey3jMEhTLcGQufQ	false
2019-06-04T17:15:26Z	Yancy-1.028	PREACTION	Yancy	NA	ConUXcN1_HwEGPtC90352LGu6us	false
2019-06-04T16:08:22Z	Chart-GGPlot-0.0004_01	SLOYD	Chart-GGPlot	NA	R5vnsW3PDY2Ubs6gsmuLDw4vyQA	false
2019-06-04T15:49:07Z	Database-Async-Engine-PostgreSQL-0.006	TEAM	Database-Async-Engine-PostgreSQL	NA	VLc6y9zxQ_BaNPMWbwh95QvfHes	false
2019-06-04T15:43:34Z	Alien-LibreSSL-0.03	PLICEASE	Alien-LibreSSL	NA	3dSjcnE2BbREXSbbg0i0rQ4fhrA	false
2019-06-04T15:33:20Z	Pcore-v0.90.0	ZDM	Pcore	NA	Dk76YZ4hfsgKitIQXPXdzxfUzSk	false
2019-06-04T15:31:53Z	Pcore-CDN-Static-v0.42.0	ZDM	Pcore-CDN-Static	NA	J4ppk1i1Q3KrULy16SYBWLFZOSU	false
2019-06-04T15:20:15Z	Alien-bison-0.20	PLICEASE	Alien-bison	NA	RsQbBaHIMFvrguypzCGlrWez0qU	false
2019-06-04T13:58:57Z	App-Sqitch-v1.0.0	DWHEELER	App-Sqitch	NA	4ATDM8vX4k5yxtlECie1TODj4cY	false
2019-06-04T13:52:21Z	Mojo-AsyncList-0.01	JHTHORSEN	Mojo-AsyncList	NA	4S_yabK_qu7px31qHLuQ0Z6_XgM	true
2019-06-04T13:19:16Z	Game-PlatformsOfPeril-0.02	JMATES	Game-PlatformsOfPeril	NA	2Sm0YsidqHaPGfYrUwPxA43i3A0	false
2019-06-04T13:19:05Z	App-hopen-0.000011-TRIAL	CXW	App-hopen	NA	m9tyFhQv4rx4z5we8F7o2FWfy_s	false
2019-06-04T12:33:45Z	Data-Hopen-0.000015	CXW	Data-Hopen	NA	Waz2IPLLwyYB3QvO56zTwUZSc5o	false
2019-06-04T10:59:52Z	Net-OAuth2-AuthorizationServer-0.23	LEEJO	Net-OAuth2-AuthorizationServer	NA	BBFJWzPLEDhcb7ZHMj95xDPqvqc	false
2019-06-04T09:48:58Z	Time-Zone-Olson-0.20	DDICK	Time-Zone-Olson	NA	9V2FntOiMHpTGR3zwpbgmeKtxss	false
2019-06-04T08:45:39Z	Method-Delegation-0.03	OVID	Method-Delegation	NA	slA57e068u6IGD6H6bC3oPJxZWs	false
2019-06-04T08:41:38Z	Astro-Montenbruck-0.01-TRIAL	KRUSHI	Astro-Montenbruck	NA	xl3e2fOregv89JUz25tqRu8Y_Aw	true
2019-06-04T07:59:01Z	App-SpreadRevolutionaryDate-0.24	GIBUS	App-SpreadRevolutionaryDate	NA	HpHN7bRvb5VrJQ1kCs2xFY3v7W8	false
2019-06-04T07:20:13Z	CallBackery-0.17.3	OETIKER	CallBackery	NA	AXn3cNp7zbaoyuSR9WKnyo4jOzg	false
2019-06-04T07:16:42Z	CallBackery-0.17.2	OETIKER	CallBackery	NA	tLE_xCb4NNmPJmZVOzltVApbJOU	false
2019-06-04T07:10:05Z	Role-Random-PerInstance-0.01	OVID	Role-Random-PerInstance	NA	7TBsy2wRJoUcKbIkhKiH1xMn8vM	true
2019-06-04T06:51:25Z	CallBackery-0.17.1	OETIKER	CallBackery	NA	c2ncto7RpMIWCDQjQeKgdoLeUoY	false
2019-06-04T06:23:22Z	Method-Delegation-0.02	OVID	Method-Delegation	NA	9nHQ9E8zQYZHgIc_xYFhT0rkcck	true
2019-06-04T06:10:29Z	MouseX-Types-Enum-2.03	IKENOX	MouseX-Types-Enum	1	0kl3NEMe_JPGuUXK48lt2i833W0	false
2019-06-04T05:53:05Z	Net-Async-Trello-0.005	TEAM	Net-Async-Trello	NA	3sFk7ej2LO_G59X29YXq9j38Yxc	false
2019-06-04T05:21:19Z	Net-NSCAng-Client-v2.0.1_03	MBETHKE	Net-NSCAng-Client	NA	Lj2k3p37vJREzQmhLH2iht1B_cE	false
2019-06-04T03:45:11Z	Date-Saka-Simple-0.23	MANWAR	Date-Saka-Simple	NA	PvNc6D0B967J2a5xtT_aawKW1Ds	false
2019-06-04T03:27:23Z	Bio-ToolBox-1.66	TJPARNELL	Bio-ToolBox	NA	SUtDJpqCIrwdz_uXxVEz0l8wewE	false
2019-06-04T01:25:47Z	Data-Table-Text-20190601	PRBRENAN	Data-Table-Text	NA	O9m0eVz9zLF7ycUXLYeTaVuFMJ0	false
2019-06-04T00:13:13Z	Sah-Schemas-Perl-0.019	PERLANCAR	Sah-Schemas-Perl	1	JmPaei43U1N_GcIC4A6cyNxvLsM	false
2019-06-04T00:13:02Z	Perinci-Sub-XCompletion-0.102	PERLANCAR	Perinci-Sub-XCompletion	1	9n9ryNn3Dsbx8RLnMiyDaaKmAJM	false
2019-06-04T00:12:51Z	Complete-Pod-0.001	PERLANCAR	Complete-Pod	1	khgbu_ZO1E4Q95tRPyiCYA1JqRA	true
2019-06-04T00:12:40Z	App-PODUtils-0.041	PERLANCAR	App-PODUtils	1	C2gWhvwEjAS_r7p97_0aM3sF3AA	false
2019-06-03T23:43:11Z	Tree-1.14	RSAVAGE	Tree	NA	9r2vjFfCl545Ck0wHWTeVZ1TXZg	false
2019-06-03T23:05:18Z	Razor2-Client-Agent-2.86	TODDR	Razor2-Client-Agent	NA	47B_6ham0R4sACH0Xu1dwMECGA0	false
2019-06-03T22:16:08Z	Razor2-Client-Agent-2.85	TODDR	Razor2-Client-Agent	NA	JUVoHISeEg8Y64ndx_UQWE9ecyo	false
2019-06-03T21:51:58Z	Dpkg-1.19.7	GUILLEM	Dpkg	NA	1uupjepKN_x1ryS1GXYsvvBj410	false
2019-06-03T20:44:51Z	Time-Zone-Olson-0.19	DDICK	Time-Zone-Olson	NA	0ouio7hxnyQ_b_xgvCDvgtzsBc0	false
2019-06-03T19:17:39Z	Siffra-Transfers-0.06	LUIZBENE	Siffra-Transfers	NA	0tmIZMR8Yt5czs5F6bkteegHozA	false
2019-06-03T19:17:28Z	Siffra-Logger-0.06	LUIZBENE	Siffra-Logger	NA	oObkIHy7fEmYGzWdifRcTGQByTY	false
2019-06-03T19:17:22Z	Siffra-Bootstrap-0.06	LUIZBENE	Siffra-Bootstrap	NA	9v08BHznWnZDa0yp2w_oqnu_gws	false
2019-06-03T19:15:56Z	Siffra-Tools-0.09	LUIZBENE	Siffra-Tools	NA	aQmvrRVfLsN5Xqc6RD0mbfDM7Xk	false
2019-06-03T19:15:44Z	Siffra-Base-0.08	LUIZBENE	Siffra-Base	NA	nWWr6dshYl031sBZg_XH_Bpyx30	false
2019-06-03T19:11:39Z	Alien-Z3-0.002	SIMCOP	Alien-Z3	NA	c60Nqkk77BCUiXSNU8n8XAmjbQg	false
2019-06-03T16:40:01Z	Date-Persian-Simple-0.22	MANWAR	Date-Persian-Simple	NA	8yg8CRgRVZoG8gRStFlfkcGRy20	false
2019-06-03T16:25:52Z	CAM-PDFTaxforms-1.20	TURNERJW	CAM-PDFTaxforms	NA	HSXKp9_d2EoSORMLY_5xx5agTHs	false
2019-06-03T15:58:25Z	Pcore-v0.89.8	ZDM	Pcore	NA	Xm97vcV1ecR69g5MMyw3qpXl7ig	false
2019-06-03T15:39:15Z	Chart-Plotly-0.026	PABLROD	Chart-Plotly	NA	6syq7wyGM_StCfjesfWHHOWa9vQ	false
2019-06-03T15:35:10Z	Test-FITesque-RDF-0.005	KJETILK	Test-FITesque-RDF	1	S0wm71DGBo0IsPq7pwsPuXv_hwk	false
2019-06-03T15:28:41Z	Pcore-v0.89.7	ZDM	Pcore	NA	zhX8hrN9UQFCcPTg8IPHAMG2Jqk	false
2019-06-03T14:43:07Z	Pcore-v0.89.6	ZDM	Pcore	NA	8aVkFMZ6uaFkFpSFvgwivriBBFg	false
2019-06-03T13:12:03Z	Game-PlatformsOfPeril-0.01	JMATES	Game-PlatformsOfPeril	NA	v6iv7yN59xLawFHJRVX1kMv3G30	true
2019-06-03T12:38:12Z	App-SpreadRevolutionaryDate-0.23	GIBUS	App-SpreadRevolutionaryDate	NA	Bs25Pp_BYYatHe_S4Yn8RWEr4c4	false
2019-06-03T12:04:17Z	FASTX-Reader-0.11	PROCH	FASTX-Reader	NA	uVI_ad8D5m_TCK2pjrkxIb6GKxQ	false
2019-06-03T11:55:41Z	Net-AMQP-RabbitMQ-2.40001	MARKELLIS	Net-AMQP-RabbitMQ	NA	6RY1fgNvUDkSSNZf6atKuqZgKDA	false
2019-06-03T11:42:54Z	Pcore-v0.89.5	ZDM	Pcore	NA	yP0POuA1t7eXdnA0OG8VefKLlkU	false
2019-06-03T11:33:25Z	Locale-Codes-3.61	SBECK	Locale-Codes	NA	tQd49WQQPT6TND0CQxGCBWZ7eyY	false
2019-06-03T11:33:13Z	Date-Manip-6.77	SBECK	Date-Manip	NA	d4h_VcFor0S1PAiMdZDUc1oxnZ4	false
2019-06-03T10:51:50Z	Pcore-v0.89.4	ZDM	Pcore	NA	6Tk9aNx06Y8vCW5xppBqVh6knFE	false
2019-06-03T10:21:45Z	Pcore-v0.89.3	ZDM	Pcore	NA	vb8OanaL7pDndQM8Do289BECALQ	false
2019-06-03T10:03:49Z	FASTX-Reader-0.10	PROCH	FASTX-Reader	NA	VujcrQr_MDjvh4hn7yXLKuifE_o	false
2019-06-03T09:43:51Z	Pcore-v0.89.2	ZDM	Pcore	NA	lEZeQmUTknJ5PemQEbSQ2o5_VFM	false
2019-06-03T09:34:44Z	Pcore-v0.89.1	ZDM	Pcore	NA	Gv8um2Fg2n_sl3PUXEMsZwdtPHk	false
2019-06-03T09:34:32Z	Search-ESsearcher-0.2.0	VVELOX	Search-ESsearcher	NA	p2a_deTnJu3RQIMKaWERoSxl1IM	false
2019-06-03T09:00:55Z	CGI-4.44	LEEJO	CGI	NA	SAjvFKsb3bSaFj9Ac_XbGFNjoFU	false
2019-06-03T08:39:27Z	Pcore-v0.89.0	ZDM	Pcore	NA	oZ_G359yBTH6k6Y89o6bLkqC43o	false
2019-06-03T08:39:16Z	Net-NSCAng-Client-v2.0.1_02	MBETHKE	Net-NSCAng-Client	NA	_E8j4XPTytKoRtEobYqGY7w64eg	false
2019-06-03T08:20:03Z	Koha-Contrib-Mirabel-1.0.2	FREDERICD	Koha-Contrib-Mirabel	NA	gJ8sWCqgY5aUidcHnNUUuktLE4I	false
2019-06-03T03:08:43Z	Z3-FFI-0.001	SIMCOP	Z3-FFI	NA	qNxa0n3lYp9zF_Z5eBOn_6a5fjQ	true
2019-06-03T02:38:06Z	App-ProveWithPrereqsOnly-0.002	PERLANCAR	App-ProveWithPrereqsOnly	1	_hU_LM3yJmP2_ttQeJXx5ilDaeA	false
2019-06-03T02:28:58Z	ExtUtils-ModuleMaker-Siffra-0.06	LUIZBENE	ExtUtils-ModuleMaker-Siffra	NA	pdXS4JUNrwoufRok11RsjenCJKY	false
2019-06-03T02:24:53Z	Log-Dispatch-Email-Siffra-0.03	LUIZBENE	Log-Dispatch-Email-Siffra	NA	x8wjh5SaUAqdhdilme_VDtYgo28	false
2019-06-03T02:03:09Z	Data-Table-Text-20190531	PRBRENAN	Data-Table-Text	NA	zcfp4ku5Fvrevw8ZkhYyWCyoVQ8	false
2019-06-03T00:25:46Z	Test-FITesque-RDF-0.004	KJETILK	Test-FITesque-RDF	1	FrcQHMOHUCG7fAZ2siOI8Da4GSQ	false
2019-06-03T00:19:01Z	App-PMUtils-0.723	PERLANCAR	App-PMUtils	1	JDCJJ6k8dien92k0qS0lJKV6l1Y	false
2019-06-02T21:11:54Z	Device-AVR-UPDI-0.01	PEVANS	Device-AVR-UPDI	NA	XGDRObdMqXNyiRwn5_mKx4KlvhM	true
2019-06-02T19:16:52Z	CAM-PDFTaxforms-1.10	TURNERJW	CAM-PDFTaxforms	NA	pdvS_Oxp1AWK5muxuIVvQ8KstMA	false
2019-06-02T16:41:17Z	Net-AMQP-RabbitMQ-2.40000	MARKELLIS	Net-AMQP-RabbitMQ	NA	d49YopXuXmdewHOel6mP5mFeWv0	false
2019-06-02T15:49:40Z	Dita-GB-Standard-20190531	PRBRENAN	Dita-GB-Standard	NA	xUS_jnivnEpefOrXVf7QKU3EMNw	false
2019-06-02T15:39:23Z	Pcore-v0.88.1	ZDM	Pcore	NA	ceq0GfJkBNFq0TyFoHgFpaNknck	false
2019-06-02T15:23:18Z	Pcore-v0.88.0	ZDM	Pcore	NA	R_l4aPHr___rpJE6CuKkVYEkHDA	false
2019-06-02T14:07:15Z	Search-ESsearcher-0.1.0	VVELOX	Search-ESsearcher	NA	0vaU6PgObAbd4_xoQC8uRzne1wQ	false
2019-06-02T13:07:31Z	Devel-PatchPerl-1.62	BINGOS	Devel-PatchPerl	NA	BX42rPtlgxDgpPf92XzrEKpcrPQ	false
2019-06-02T11:28:47Z	TeX-Encode-2.006	ATHREEF	TeX-Encode	NA	uIIps35u6wnzAHZFWqpjmIOE_0o	false
2019-06-02T10:38:04Z	Alien-Z3-0.001	SIMCOP	Alien-Z3	NA	jzIq9_TE7wx3qoEgAWncABgREms	true
2019-06-02T10:22:38Z	Date-Julian-Simple-0.08	MANWAR	Date-Julian-Simple	NA	xJm7w7BjKCzTVo5gxZWOEosPau0	false
2019-06-02T09:38:10Z	Search-ESsearcher-0.0.0	VVELOX	Search-ESsearcher	NA	evXoNStsYzFWDRiRBBK50ncBRoo	true
2019-06-02T07:32:49Z	PDF-Cairo-1.03	JGREELY	PDF-Cairo	NA	vbgUO3jnVxlJANmey7P2cXTALRU	false
2019-06-02T07:23:41Z	App-FilterUtils-0.002	ATHREEF	App-FilterUtils	NA	HbaasDTUHNQU4mVDh7DghcM0ZyM	false
2019-06-02T06:59:11Z	PDF-Cairo-1.02	JGREELY	PDF-Cairo	NA	OxPV_o2lVvztPeqVqirCe5Po_3Y	true
2019-06-02T06:55:13Z	App-Netdisco-2.042010	OLIVER	App-Netdisco	NA	gh7GNW9AHCOspTixHU1vZBDLOLA	false
2019-06-02T06:06:08Z	Yancy-1.027	PREACTION	Yancy	NA	0l76cQdzNL9HDBhkGmO1ZI4E9e8	false
2019-06-02T01:53:24Z	Acme-CPANModules-PortedFrom-Java-0.001	PERLANCAR	Acme-CPANModules-PortedFrom-Java	1	skiYkZDBomrwafUpqi5rTC2tSKs	true
2019-06-01T23:44:30Z	Game-Theory-TwoPersonMatrix-0.2101	GENE	Game-Theory-TwoPersonMatrix	NA	dHYOk467BsBSW1B4KYzHWmw6ZQo	false
2019-06-01T23:36:31Z	Perinci-CmdLine-Lite-1.819	PERLANCAR	Perinci-CmdLine-Lite	1	w0s_MXV1GhOuZhUo_H_27_28rZE	false
2019-06-01T23:29:55Z	Game-Theory-TwoPersonMatrix-0.2100	GENE	Game-Theory-TwoPersonMatrix	NA	ML_7uanYo40iGFRInQfS0FkoWiU	false
2019-06-01T20:53:08Z	Data-Context-Loader-DB-v0.0.1	IVANWILLS	Data-Context-Loader-DB	NA	It_m_Lmuh9UibSHxcbR1bQ80z3A	true
2019-06-01T18:49:13Z	Date-Hijri-Simple-0.22	MANWAR	Date-Hijri-Simple	NA	BF4QSfUfJC2_9wofWUwvVJqHWxY	false
2019-06-01T17:33:26Z	Protocol-Database-PostgreSQL-1.004	TEAM	Protocol-Database-PostgreSQL	NA	YimIsvVlkaIvqgxNhGZKgBpGRGY	false
2019-06-01T16:19:59Z	Modern-Perl-1.20190601	CHROMATIC	Modern-Perl	NA	UfIcgEpTZ2vfmaw10_NA7GIDH3A	false
2019-06-01T15:09:07Z	Alt-Data-Frame-ButMore-0.0051	SLOYD	Alt-Data-Frame-ButMore	NA	pfEWp3RmrI8HJyYxqmI0yVOn3oc	false
2019-06-01T13:35:32Z	Catalyst-Plugin-Statsd-v0.6.1	RRWO	Catalyst-Plugin-Statsd	NA	jlbrf8l322xcTApV9Us9xjWNI8U	false
2019-06-01T08:59:55Z	Catalyst-Plugin-Statsd-v0.6.0	RRWO	Catalyst-Plugin-Statsd	NA	NeyleZbEr1L8PSVuVuE2HrcX3NI	false
2019-06-01T07:16:59Z	Net-Server-Mail-0.28	GUIMARD	Net-Server-Mail	NA	Cc1vHrLrwZq2tKZbbsQtszijzoo	false
2019-06-01T05:50:51Z	Math-OEIS-11	KRYDE	Math-OEIS	NA	Uz4VayeeyZiiGFTmoTqilfw97zA	false
2019-06-01T05:49:23Z	LWP-Protocol-rsync-2	KRYDE	LWP-Protocol-rsync	NA	q6ls57e3_fCWdXvHn8Ldlba4xHs	false
2019-06-01T05:41:31Z	Linux-PacketFilter-0.01	FELIPE	Linux-PacketFilter	NA	NDFE_XTzKrJHnPYqX7wFeFYM1uU	true
2019-06-01T05:38:36Z	Dist-Zilla-PluginBundle-Author-ETHER-0.149	ETHER	Dist-Zilla-PluginBundle-Author-ETHER	0	qCK4yw_tPzjmmpWkp24lGG4jypI	false
2019-06-01T05:07:48Z	Quiq-1.143	FSEITZ	Quiq	NA	5gReLJdo08V0vNIEt09pDq5QEuQ	false
2019-06-01T04:04:13Z	podlators-4.12	RRA	podlators	NA	h22sjg7V6Tcny5_DlAO9gcDWtrs	false
